,Age,AF,ATR,CG,CST,MLF,FPT,IFO,ILF,OR,POPT,SLF_I,SLF_II,SLF_III,STR,UF,T_PREF,T_PREM,T_PREC,T_POSTC,T_PAR,T_OCC,ST_FO,ST_PREF,ST_PREM,ST_PREC,ST_POSTC,ST_PAR,ST_OCC,CA,CC_1,CC_2,CC_3,CC_4,CC_5,CC_6,CC_7
0,8.08333333333333,59.8209872158144,53.3600092936078,124.519034448864,44.4832165913392,72.3027509614261,41.1488870329993,52.5410197899088,104.831015665635,62.9634480894877,45.2174885583301,56.7551368830395,68.695595553798,71.6418138775838,62.671604444509,114.270756096809,41.2390193064149,49.5539435433341,47.8658800416401,56.9522975184792,39.9081057255811,60.2827182962547,75.0136838370347,40.7562384365716,60.413658627735,51.9175319407842,60.4131744581216,44.0713590033898,62.1083219046402,70.113445206853,92.6603186335657,26.8868803672334,49.912457542793,41.4660474441095,41.5041708048573,35.5273320810389,65.0198339982727
1,8.16666666666667,61.3410493448414,51.4989158050855,114.716322473578,48.0799333377459,73.843346319301,45.1330257856516,50.9300664394626,109.409063038719,69.0241970086761,49.1115027381762,61.2110491112448,70.8441264630512,76.1179636046783,60.1770211740682,105.875476693933,41.6412553106848,50.715898342243,50.0916734654773,62.673353686308,41.8319699073293,65.3518668440431,70.1716883561292,42.7069636829676,66.1975961823767,53.4150760551499,63.8546589533303,44.3575382317332,63.2867436099643,63.287051722785,81.5945458492587,23.4113085592279,50.9259095692075,46.4327040663274,42.7142947095344,35.7957604924183,68.8832961540224
2,8.25,87.1635829214622,59.8749059702476,164.337992821194,50.1850775967055,91.0242947608078,46.3400579365353,62.0479383548635,127.964899563897,70.4220196952489,55.0316518494461,68.1921783822617,75.7576055186807,89.772730042386,61.1009583562862,127.897010808852,46.9850949315282,56.9606192739571,48.8921052906473,64.2669135245755,46.3056912231074,66.4642140158438,78.3717050111226,46.4654255175601,73.1664880466768,56.2517009027529,70.3421423807999,49.7906263284625,65.4740707897542,73.2215158196972,108.49262748625,29.8535052172995,53.9929675672362,44.9702749134507,48.9905287801322,42.9647891569823,69.19523021615
3,8.33333333333333,65.2753083739508,56.520286019319,125.965325127267,46.078716240603,82.2426895266433,41.5665840279445,54.3105638000578,111.792828489927,66.3647769523532,47.7945930792247,59.0386512418447,77.1499399122722,84.3132661422215,60.5088958627083,116.551962707316,43.099185525051,52.3532143236457,46.6238841617241,58.2169690151357,43.3673970659199,62.8407810384786,78.6364653688346,40.9428474975875,66.9697873822641,52.611004445903,63.4357530008953,47.8920938859958,63.6040735266975,74.1106734946067,96.0331537674689,26.1502537314008,50.6956992531324,41.5138896417675,42.5710762351595,37.2124662234708,60.8761702875056
4,8.5,64.4151004817591,58.1972651563194,138.175612891492,45.7994019283557,76.0653231354236,43.3372283840162,53.538721919462,116.046444883904,65.3974136574393,50.4671737737048,59.9891826908436,70.8020713171782,81.3382341952459,58.8320009574461,122.351356808722,45.4863040516323,50.1880204721565,47.0149296115873,58.3177814694986,42.8973510899837,62.1447930381533,80.0140781481336,42.7352131966717,63.7363910011271,50.9766891368919,61.3393261328546,46.3867115362167,64.8265073656319,77.071608635247,97.6041549926282,25.4899757008928,49.6470065417672,42.6160872465357,40.7714393597459,36.5336019523984,57.9705428341679
5,8.58333333333333,62.3161029178643,58.7826698548247,150.833581585164,50.7559690140838,73.9861201331177,45.590486968749,56.1071198489368,125.270475958696,59.9254533453595,46.9667194914372,68.7791172036509,77.2108215469479,73.4613755281315,58.16216549699,109.951572449971,49.1553376057844,57.5257199254821,52.9635009974915,59.4951977887507,43.9826246725531,58.3303836851284,79.3970203385906,46.945953994484,69.0204610522277,55.0257390876616,60.6308568933177,44.778188326835,61.4677477956493,78.0239191334187,90.9774147302195,29.7008395193953,53.2933867458451,45.8529648901583,42.9220234306257,37.4473876936114,61.321522980976
6,8.66666666666667,70.1266139297321,57.5725480628865,137.701362148953,47.6775248373211,82.0655421213157,41.7932381771068,55.4216438009833,118.586235369109,65.263950821966,50.2204948774453,56.2985687657517,72.5957952770528,80.32810554655,63.5051350332352,118.661381182634,45.4657438854166,52.4770687546405,48.8346962003079,60.5812463990749,43.5818582802607,62.5304795858145,76.3246821106198,43.4417201367345,65.7454477834313,54.0271396199127,63.4698406500883,46.5396831255511,63.769729657682,66.8075208578296,94.0898944021389,28.9051332003126,54.618961611446,42.5717306735796,42.4645068189004,37.36034951655,68.0527741604583
7,8.75,63.7075287373993,51.7624478376111,129.415823499554,47.1324371865263,74.3675539003141,41.0568860681939,55.1572976606485,110.490134710611,64.1579378597279,48.6212354312948,58.389445281084,70.7054033386328,84.5842402021598,62.3241209973227,109.94302011518,40.7658630171639,50.9431470359636,48.5233758286183,58.5373696291861,44.1308071101213,60.9464555453739,76.3371500485335,39.3970277195114,61.8286966661914,53.7103416158274,64.5345416777409,47.7085227737493,64.7449475866042,65.5150241843262,91.3269065837967,27.1483872542113,51.2209415709805,41.1557579779409,44.8253196289632,38.2695484524852,57.1070394775386
8,8.83333333333333,63.4813638770224,57.294081947328,143.062901629524,44.2875513874668,74.7642162401245,41.3514819993,53.7785841868765,114.438387239296,67.9372413240696,48.4360006439983,57.0605237058257,71.6174401293823,78.1224866451099,60.2474192312775,105.913331334292,42.8967202914696,51.4932480924923,46.8244970369239,57.0251413477217,44.4908880136814,64.3906272209679,75.327671484457,41.5109849505659,62.6924197246833,53.7020216830949,64.8203797721159,47.9759065584244,63.7730872468136,71.0954992754487,88.8005813109118,29.392522216552,52.5679551423217,41.0422484483859,40.9840861984476,37.1274947545949,66.1366546087582
9,8.91666666666667,58.3120720318382,51.7039549776491,119.576064346084,46.694668963674,68.6435896924375,38.7561041277484,53.635961270566,107.249542325083,68.8505110626834,44.5907877111987,51.0514822176695,69.8210269571557,78.2052302263571,61.1522531263958,112.568131821263,40.7988908761334,47.5265825068023,47.5088027437446,59.156477941567,39.9156363988315,65.4814717206216,73.0519473656486,39.225095291274,58.9640934471022,51.4509226614407,61.6283303562376,43.5928381869026,64.3292516766947,65.8663423825027,93.3088551556102,25.8905094769417,49.1139400825775,41.6701587502867,45.4126203031369,33.4496758610444,56.4179507493358
10,9.0,70.0951008196159,54.4006566211851,137.606030687803,47.9300640125734,80.8105747569946,43.0898813544088,56.1363386430319,109.544657010932,65.7414871893788,51.3854898420138,62.3474432219816,73.1795670995267,87.4705358183771,63.7500891600999,119.155723850416,44.4868149161052,52.8731371811168,49.5908457404574,62.921190582238,46.0058762454792,62.7316499073117,82.2676345781641,44.0037550388501,66.1260543170056,55.3471436460502,66.7785384986367,47.9757496648678,64.5389856318155,74.3204544562464,100.727863139747,28.3886538962782,52.6334012949416,42.0606962315386,43.3548376177386,40.0766516387321,69.2071066868728
11,9.08333333333333,65.1540830981299,57.1897696824869,129.106624336057,44.3840221742575,74.8496257357539,43.461751437096,53.4118627712119,106.623755732418,62.5884558793209,45.439354991165,57.9104864796777,74.6599427468784,81.3788892542963,57.0340428732179,115.772252309385,46.4149675779792,53.2984403202021,47.4752662778076,57.1238162468798,42.9830341859552,60.3554281639254,80.0288148977279,44.5325317591398,63.4143935897024,54.6079078973559,64.4036327949177,45.0408443385273,61.9018101120891,75.9434612785474,86.4896873237743,28.8415710154992,53.9862732883176,45.664869832011,42.223242015212,35.0194900962681,64.2641895610659
12,9.16666666666667,61.7433027060716,55.9703461869645,122.49735904684,45.5033131516293,70.0511958249427,42.3217227569484,54.7736107240077,109.815088423983,64.7695460312394,46.9591808435591,56.3587467324196,67.7082888470534,78.0590099507031,59.5511393892448,115.371509909609,44.5703086539198,51.5116732104841,47.2616057301379,59.9924484705529,41.3337147702361,61.6942247687898,78.9700882034749,42.5900972495552,61.8492251458224,52.2050733609445,62.6432250152141,44.5581091316259,62.1543242988167,72.0527410255729,99.4796294852709,28.13533962779,49.803551095629,43.6269128647979,45.0468339309157,35.3131990205891,60.5920001629563
13,9.25,60.4270399218445,51.1276736138663,134.47971031476,47.2587104496607,77.4368958160404,41.4315230809917,49.2408568552375,114.288884431996,66.8171921351088,47.9036957164292,61.3391672101176,74.2144377655253,79.4511180360981,57.6777040305039,111.007258478202,40.5464667198872,52.9043113636485,47.7015896414629,57.7832783608458,43.1456669227422,63.7344147814062,74.1595738387045,39.8929160591179,60.0068721615372,50.7512026189258,61.0407744949545,47.7967000440395,63.8859428769591,70.6036101741992,85.2817049092644,24.5838514623066,48.3726645808321,43.4476388913271,46.2271150186752,39.1185632203987,72.0740085065667
14,9.33333333333333,65.5544307736775,52.7546030596919,132.271846467227,44.5607181358981,71.6669743164465,41.6835406777767,53.5883023687234,113.555309895737,63.9010801142883,45.7246365292822,54.6503855803467,66.3505119125176,76.9372346638904,58.7397732412282,107.693259965406,41.1288300149552,51.9130264812708,45.3301469370067,56.0712213226737,41.8173732474436,61.2000066604408,76.716738979806,39.5784836710678,62.4011187240471,49.7763782700571,61.0021056642816,45.2938436421417,61.6927472077209,69.2258697051199,91.1698116895106,27.2276127444169,50.0473638527615,42.641756799655,40.9616138000799,34.5976111358417,61.2419303114275
15,9.41666666666667,68.3543050722562,56.0752671937971,131.416743131366,45.672590548801,76.3809398808258,42.3790943240546,56.3248820554693,118.98221483285,64.8128956459992,47.7113771290867,57.0919864837272,69.6557908878656,82.8644945300065,57.840206205377,117.84287804163,43.7035649042417,52.4309641533435,48.2303788596495,57.0318595023601,42.9528527505722,62.4226433921964,77.5859586539993,42.6876693944545,66.0810034678225,54.3437598094032,63.2870709970787,46.2200005276033,63.9158650271288,65.5623825093605,90.3177875665282,28.1192606795798,53.1151334026097,43.0783650354761,45.1319133632739,36.8293791359639,59.04830709524
16,9.5,62.8596204406337,53.5331055156915,114.732861929142,43.4440742281902,75.5163789735149,38.6902122373329,51.0546205795611,108.912228768269,62.054559955118,45.3605466902439,55.6098526899945,67.851882187859,80.1464604357536,56.9759367836467,107.235371060457,40.9450710252074,50.8337087988585,45.91671832294,55.3012219016666,42.9184934516636,59.5750766219125,74.2880435451737,39.2683852734919,59.8167443642688,51.4251628175959,59.2617393393444,46.840350810537,60.6445442955773,67.5408433087774,82.5170794913551,27.9445745651888,51.4396910137047,40.9807804676059,40.8453667678191,34.2647438876907,60.1937744365157
17,9.58333333333333,62.0620617447349,43.5884065419759,115.437401157505,38.1871042332989,64.9534432397698,39.286205108595,48.9206525640029,106.032422020953,61.8816028159011,39.4078957560964,49.3457662773134,59.9248648800501,72.416383172971,54.7008945817633,97.8382087258667,36.3246210036108,46.4406320462919,43.9894583142744,48.7123778064404,32.2452465233835,59.9893359146266,70.5753246116309,37.6456944106944,58.7187128572015,46.5240131138609,52.7717230912529,38.2467700035146,59.1144958926158,65.2541652000393,82.6054535834876,22.6194829175225,51.4025270004866,40.4030798614261,41.1053255134558,27.4944013616603,51.2845752242566
18,9.66666666666667,61.0324049085473,47.2962052895373,125.29082771193,41.1169552753297,69.6659491010168,39.3746539406209,51.1159122911274,107.465514043517,65.4310551977104,44.3073597388358,52.400694409808,64.4218539228474,74.5569555688985,54.5399028106592,105.54915722491,38.63066079161,49.7232942084606,44.235045702952,54.7260018274985,40.662694957859,62.4379133892684,70.1623058104906,38.9452132864436,59.1626193699622,50.7991857957561,60.912758756064,44.7905674087909,63.5096629309316,69.1891520068583,85.108780743464,25.6556420899692,50.9037156384366,41.4929657947398,40.2310664329156,33.1895345550214,56.0651749898286
19,9.75,60.9836238036475,50.3787116182867,117.676944627147,43.7103211627979,69.2014034288414,41.7554350661972,53.2659323591776,108.726525724429,64.4545664869851,46.9160522143269,57.2862001700611,70.1374422080604,72.8795602046925,59.3182000383432,106.511392087016,41.8631650121235,49.7346850959784,47.3894606345075,56.567621178847,41.6128539665392,61.9759341597592,76.4021445680692,40.2728979694225,62.6067627958533,52.8542278884556,63.3397087351761,45.3499175854395,64.3618807288282,71.5879089899021,88.3175414504926,25.5136321088172,51.1178777833321,43.263880069451,42.3931763481265,33.2154839290267,57.6991111689672
20,9.83333333333333,73.5393672958936,53.9746941660838,144.318380677786,43.0315807017024,84.7815063353149,41.2137954325554,53.9056518200157,114.443422251001,64.2327285518781,46.5046260101221,55.7257278777231,72.9059446490372,80.4238993246518,65.2549151726932,112.85128651484,42.6533661864552,49.4381308997558,44.4023830849892,56.2188989727095,44.0053236053736,60.1903730768487,77.8611057665054,41.8723567263586,64.5585343099702,51.9668854316707,62.7427485821491,47.664147578691,59.3638877785776,64.2603005642499,80.8619558520059,26.0572162992035,51.375289964512,39.5616189932331,43.2797475073156,39.4194736702347,58.9957646937747
21,9.91666666666667,61.7501721886388,50.6107126609482,120.840344829533,42.8356743468154,73.8776483629571,40.0407152368607,54.2819516748202,108.986293126341,65.4622008597463,45.2700453029484,55.6584251130783,70.2795368182227,75.337608336115,57.7807285678837,106.98925108444,40.3358946117027,50.161273944149,44.8090941901827,56.2430965352628,40.9563339121477,63.3354378820793,73.1312519495938,39.7284006923598,61.5510762843802,50.875351690661,61.2478422623488,44.7930028480943,64.1333509886993,64.562115119661,90.4506295918347,27.8713881757907,52.6577023940483,42.9775737116924,42.4032603951465,34.8640271693329,62.4661265909363
22,10.0,66.2766699741829,56.1862982083163,144.654851182376,45.9338407316301,74.7250714518161,42.6652401670849,54.4889419145008,116.396217198312,64.5581157052123,47.2370259385927,57.3766596995579,70.1830397769105,83.0638254392086,59.3491528797969,118.273195276656,43.9343722796341,50.5320365995444,48.379623550792,59.7135813714494,42.4564789248463,61.4824091134484,77.9610184724502,42.944486141031,63.0760179759736,53.9422169085823,65.2269121935877,45.8498838256095,62.2629119857044,71.4851187560725,99.188013134156,28.5522525513998,53.8927894025292,44.9476262517012,43.585313549992,36.751840002583,66.3931798380658
23,10.0833333333333,71.1508636788788,58.1377578053288,139.693605865265,46.1446841767386,83.2065223617103,42.8390940806219,55.9080784051585,117.869549733789,65.9363235449979,47.610532032702,59.4414168027832,71.7405496676587,82.9965071382863,57.9608660716065,119.886078942472,46.545996832843,54.205519920346,49.1333608639472,62.1311647506274,43.5191365029738,63.734618017921,78.9026715039077,43.5979310243693,63.7742650816627,54.4545743805858,66.18992104857,46.4167804775578,63.6233047323282,74.5728204569564,95.4081221294566,27.7200880706219,54.1367363515881,43.4790131190871,42.8338632265263,37.9815381732826,69.7498932501264
24,10.1666666666667,64.3411771987972,55.1303542814519,134.42825072178,46.0652133859167,70.1688691641673,41.9134153314967,57.8156707904875,105.275106960674,66.2438807986742,46.3530945568003,56.2563712941259,75.4586925249681,82.886960148912,64.8811955796412,107.185742141597,43.5846255701784,51.1591560698691,48.6159693006665,59.4359768209475,42.2081475159034,64.2024099799617,77.6535756483984,41.9576283741837,63.381061056592,52.9383327307314,63.4336451659474,45.6099951461149,63.8706062867222,74.1253894266336,97.5198544992874,28.8412081963675,49.5486777230002,40.5785059132826,42.9198537113015,33.4230652442554,63.4199768627507
25,10.25,68.4509477109365,54.3288768919433,138.910506638406,45.8798944274912,80.6125193738833,43.1462479193077,49.9923838002495,113.522846083813,64.5687240086772,48.1776696870844,53.5278933948442,80.741731513428,82.1418100367348,60.2453568201578,106.76733054851,43.3207833589954,52.390749455896,49.3959162190561,58.9611418052867,43.3400487449016,62.0733168572845,72.5931063948211,42.2341959298432,63.4776922657136,53.891641311792,67.462090258678,49.2798946712453,62.6655433680317,67.6822075165445,93.4541232316426,27.959753081003,56.5484439970421,43.676254641013,41.0913961968475,35.2170408098623,51.9723008439446
26,10.3333333333333,68.8900736637465,59.6306062836687,110.428389865009,49.6813067640784,71.9002316682692,46.2667860885105,52.1811568142554,113.182777537844,62.7800145284342,48.5529251963628,60.7048438708106,71.5212815388001,82.8135235231654,62.0441170912338,114.606752412623,47.1817532849983,53.8535481139308,47.921599836831,61.773003971483,43.7430525425111,59.2878188662413,76.3164359716309,45.6433051198644,65.7132105644539,56.0887220615271,66.1949208749675,47.9393602161922,61.5794773718864,78.4946668910909,80.9606540379879,28.0067584126723,51.4928374970058,51.3490129610647,42.4220057337174,33.9855831767652,53.4116943363697
27,10.4166666666667,65.6292995779459,53.340819609367,131.12174961113,44.7506434399519,77.0438621471808,40.1676662086601,53.9380048885189,113.447809405515,64.8757262420098,45.7020375947783,56.2602332964307,69.0077786359257,79.5716464081027,59.4624753029696,111.876150400602,40.8006834639045,49.9102986495568,47.1570111831722,57.4093091539022,40.9933310637633,61.8048276880168,74.6692389155132,40.9142366794758,64.0472323438301,53.6283503226338,62.7851705676092,44.9720433854921,62.3485944015531,68.7533004993697,89.5814361175239,26.347366410716,52.5921053500381,43.5592855993499,44.5549306296046,34.8738655379755,63.6467343142024
28,10.5,65.1462220906141,53.3968825492801,138.014984958574,46.2989115561683,74.0084517626249,45.9707488900626,54.4914986336346,112.506975573217,65.036003947005,49.0228024434712,60.9488440626604,66.6804669228195,78.6581227452737,58.8183217541681,125.676402262079,44.5429938947122,54.5334962567822,46.2503870810419,55.0733747365084,42.5882247395666,62.2453567100066,81.9036947018257,43.4144143476396,64.9093758410413,55.8407558089406,64.6141014792641,46.6585726605476,61.7641639518728,79.566686092526,91.1979556712072,24.6694824310657,50.9813508459514,42.5022120068772,43.4839530170539,36.4830273,58.7000964366643
29,10.5833333333333,66.4174781719363,53.187482977535,132.548318611838,42.5354900449715,72.1594844290138,39.8419483208846,53.2686800481587,109.77395778736,62.3269859313803,45.5476128079032,56.5313871529821,68.5791746156487,80.6109415707741,60.4679118497204,110.817499210794,41.4249618880159,49.3538399047653,44.9828954161507,54.4940833119496,41.1216998107253,60.4894009362991,80.9182509676407,41.1620807667251,63.4590731376489,52.7599117998336,63.5937512595923,45.6284085077888,62.6827102493322,75.4657419296943,91.6790111825945,26.2896480382859,50.0485997344415,43.5250124137011,45.3355331695869,35.6695762633909,60.6197446164308
30,10.6666666666667,61.1750098593027,50.5922914846185,127.396624763904,43.4802413183353,70.4824545255281,40.7067464013582,54.0935463540986,109.791286942721,61.9873480476484,43.2993107559554,54.1221214243742,67.5115379139262,72.8490654660327,62.1816579843792,109.240203038885,41.0873562549907,48.4350950148868,44.5823124632364,55.0475662285932,39.2331596435522,59.7186439523721,75.2950526710192,39.9774704338147,58.8306148650738,50.2641122512563,61.1164712641177,44.0301536644337,64.1456814100677,63.4496325853466,90.2608372717104,26.4907044577978,49.8349890471839,41.5184950279824,40.6522381493712,33.3070049617154,59.2948765894702
31,10.75,59.8090999699181,56.9042976631846,117.892172086307,41.1714045254017,71.5976788906338,40.4305293379539,55.0494723979267,109.674029713404,67.4939091778832,46.5905826771286,56.4380698219514,79.7150995430001,84.6049538801306,66.2518700864337,122.554266300086,42.8534894150461,53.5347438149441,48.0816097409758,60.3419268843551,48.9480109939831,64.5340991136203,71.6660921594745,40.923001843485,67.2621287317845,53.9091702162091,62.546013940227,50.12518965025,63.7168184023534,70.5502417232662,82.3700513491438,28.0316137632862,55.2164605380552,49.978925762129,51.4745583762774,37.4051410905109,64.1677385096783
32,10.8333333333333,62.4592491443785,49.5960037096325,122.872163786342,44.36063313491,70.2125076332679,40.8033717253028,52.1891068996357,110.770363006835,64.5718296420717,43.5919371756847,56.2630530462304,62.8830303525575,79.4989107278108,56.908349971163,109.043151405586,39.7337342812402,48.9291813711146,47.3711831765985,55.2135879050161,40.4305949150372,61.350873216393,72.7498735870501,39.3744148755617,59.3702932228831,52.9092662675038,61.5833077647074,45.1875156107609,60.7256937077753,72.5189582772101,93.5330556224659,26.4489078710507,52.4201948413092,41.53868182327,42.117358180238,33.3147997819588,59.5622901658208
33,10.9166666666667,66.2719442533925,53.5780211683368,143.797569685029,43.6752008415206,76.7542339346619,42.0877260463277,52.9339438502638,117.278033373426,63.786331586361,45.3948335691698,56.3880362623123,72.835803408937,77.5435218953527,61.635315469059,115.764005531963,40.7347184770255,50.9235254592262,45.8754716930479,56.7101173996054,42.2361744422304,61.2905614209615,79.0211666875496,39.7720870874448,64.2699810271519,52.9983470610697,62.862000735899,46.1871324635458,63.209680805568,68.8502843672691,90.0053556756705,25.9535493415853,51.5252514677023,41.4060861157891,42.0055907771621,36.6460900322339,60.280933938365
34,11.0,65.4539414173807,59.2427313133129,143.57307867933,45.922857703055,69.7689007803188,42.3349170838859,55.4536289574068,120.750475992149,64.3619418125105,43.6852775678752,54.6090058675712,65.9455170465291,86.0106966574945,60.0356282982963,117.32687803638,46.3181770329046,53.0552889515982,50.7341908451348,59.6117195560959,40.7815029732745,63.0031673466988,85.4009790881772,44.2003241388343,65.3570722336331,55.9906506661971,65.2049203845567,43.5494718432341,64.3772267883378,79.2981583395711,104.572418557653,29.1861131414474,55.3466592137491,44.3342055884907,42.2472223464651,36.6923609800743,71.8470592090331
35,11.0833333333333,63.3735423485832,55.939400124985,133.422812654776,46.0428985628214,73.3427021603543,41.8200680290156,55.0568792288955,113.084012612008,65.0452115532154,45.4981423584316,59.2159031708824,74.5728523029372,83.5625967090253,59.0935196728965,121.575785359192,45.366734634156,51.8390884891183,48.7824394267299,61.6452894147364,40.625422644236,61.5561279955946,76.0834254569128,43.6069363059955,64.5095867596529,55.1036725475831,65.3292078382949,44.2098901105962,64.4180596891961,77.0148665964198,94.3626299274422,30.7156910326276,55.0633455358508,45.9649010411973,43.326605237897,36.2790167321481,64.2816397108102
36,11.1666666666667,69.7002992604095,60.1177992663541,127.714357675361,44.1813333316029,78.2912569388949,44.3272282815316,54.0166027197634,114.730086674078,63.4888870735175,49.4719686063654,62.4051700958149,73.1915229611239,82.9861563417974,63.3089665633397,121.555167206246,44.861555983715,52.0723942399654,49.4085644101781,59.7046316520949,45.3522474037685,61.484571456192,84.4104815465038,42.1140774332125,66.6787689809919,56.8816553775691,65.3783429999502,48.0806042640516,63.937611158035,69.3409344362025,93.8827071475801,30.2428385567153,50.6565397611205,43.9436013523842,43.8371533995879,36.1446153816477,56.6578285087021
37,11.25,72.0376568701033,65.3085184447622,135.344094018338,44.2558024811636,79.3853381572696,44.1362788634528,58.4251939890769,114.664514873379,64.8837569866279,47.8996068461873,60.0272914779632,83.9810335195495,82.6163309838772,56.6062695270921,128.437703652986,49.3329915551586,55.2153910719791,44.4812262217052,52.286402957271,46.0426828537174,62.6723857666718,88.3137447112493,46.7758419750218,67.7367163724232,49.9682121374975,60.6586734908607,49.6557823487182,67.394340368521,74.6229843941773,92.176558999372,26.3628767826257,49.9078240223561,41.3916618713057,43.5129329802462,39.690475646052,62.7526709372315
38,11.3333333333333,67.754921416213,56.0306248319615,128.288536983229,47.0689228158858,79.4005589647849,42.4921699293747,56.0160692518645,111.078207874905,64.2679580681028,48.1307396437914,60.229380839248,68.0719587095866,81.0176508338485,62.5414334540417,117.45052326638,43.8877399655746,53.5025255593406,48.2121544269057,60.8987225858103,43.5726444605648,61.6950379855078,79.734229532804,42.4274034487786,64.9499144047082,53.6254160321864,64.1688458197489,47.5624518520299,63.8624672485566,71.473842045406,97.2641655861354,28.9116529116101,57.3127812231359,44.4864029792379,43.3346414402931,36.5144849568427,62.6652640434478
39,11.4166666666667,63.314996969187,61.0212344294645,139.348903635777,52.2030666420079,68.5245225472381,43.5580257353894,60.1479867402294,117.025053847352,70.1012015709753,46.9270539113732,59.5760070086908,69.3238522169991,82.1485750309949,64.9556629503405,123.272019624052,46.5042184118984,57.5500516569862,52.5928346339789,64.0151660391712,40.2880963678979,66.8183291493156,80.0225147607224,43.9906224497433,68.0524059243192,55.7559300783023,68.336060620661,43.0208456100867,64.9447407568877,76.6761566025381,92.4932279980179,30.5782153522637,56.9867621375664,43.3860835918243,42.7125199163076,36.5337367592273,75.6069589762682
40,11.5,68.1049849135585,55.1633599323506,119.077459645149,46.1737241959746,74.3176308433917,39.9939327989518,54.7272099378434,111.306367795272,62.0954309255518,45.6760290847295,57.4192677508671,70.9525175192176,74.6937477328548,57.9110966291321,120.116867423119,42.2115996554724,48.9955287433427,47.9892299294428,53.9738535288444,41.8409798819652,59.3135421360878,76.5321535920238,41.0055917705211,61.1547198648547,51.6587121993405,59.7854054635981,46.2442877264012,61.9736076354985,74.8152896486707,87.1089470257165,28.7389230631543,54.3419567547682,43.9417239588436,41.8008068004455,32.6489724056106,60.9156302401739
41,11.5833333333333,63.0136121114295,54.0047641382457,118.301415117324,37.9956834524259,69.5587511587951,38.28733612096,55.8564908660713,121.346542333405,61.6904351494337,41.5733408118467,57.091971830138,64.7704119949255,73.1850825706226,55.3921626453517,113.824194613023,41.4351818324608,48.5743690819405,42.2719008988362,51.88157711362,39.1461136837948,59.4528829664497,76.641407045458,40.9304889146659,59.6331580330417,49.7229261616388,59.92888520474,45.5805886549675,58.9424954455047,71.6499578884184,84.6210677928558,27.0678482646523,49.3521104370949,38.3819400643567,42.0252549564188,37.4522080418566,59.2531932671265
42,11.6666666666667,67.4902949334446,52.4772558193551,127.572496715046,41.9117126132028,74.1642097745475,41.6203940098303,52.4678533953523,109.892587045241,61.2959830655982,47.4048673142498,51.1055939336,63.39262758196,78.0313905996521,55.2818502119861,118.960305293612,43.2567749447645,51.9843386925737,44.7594825961986,55.9584053786851,41.8254038367832,58.7824454160859,77.7118426453813,43.5154304763248,66.1041205075148,52.2186986736822,65.1720441721926,45.7198815966114,60.6110673133458,71.3830909348387,93.2598871190533,26.290922642925,53.6095254328415,39.3800668408779,43.6045813211609,35.5955242509998,55.0366416952999
43,11.75,64.304275548759,49.3800618068919,126.433967817083,43.0981662114829,80.3859904208638,40.147723889665,54.645819510481,111.839759631509,68.5716135133551,44.8533477059146,54.545241369759,72.7935692479721,79.1241639914424,59.266320654126,107.593178184529,40.2025948777344,51.2255391425519,46.6346480480189,55.6878964673026,40.1535870722635,64.8430158204841,70.4775838704179,40.1685176010126,61.9199030899059,53.6002646980053,63.1054307041265,45.6407651087148,64.3662156739427,70.4797238834342,93.6899708540239,26.7600570938411,51.2410299693966,40.7368693711881,42.2151966780519,36.218567467739,62.1685326586987
44,11.9166666666667,66.3584299349318,63.4340462989371,131.813823643383,47.7106823661144,77.2913096326317,39.4716520573969,62.2114640224943,128.008197835597,68.3507511308808,48.9884318234948,56.4760787124092,70.1740982789776,95.1532707898625,65.8033468302371,112.406177184692,43.0255266880757,51.2702068835244,50.9913674001116,62.7051145408211,42.5166664319257,64.4236893351914,86.0515362719541,45.3220726300335,63.7706129113843,57.1749318961295,67.710056128281,47.5623869334463,66.1328479417772,71.0021006785685,103.152901800261,29.0388223043556,48.5548472704826,43.3317747168585,47.7386699378069,39.8115726809927,67.3438895748887
45,12.0,66.9447555302956,53.5433173242622,136.257231769938,45.682464543396,78.5925461098191,42.9085878228556,55.2456399056947,113.809841664296,62.4829365306669,47.3112385363968,59.8990705452954,70.2698233061423,86.6902246411764,62.848722387678,118.112874473554,41.8453543824406,52.4656116734762,48.089398781035,61.2503619872644,42.4296442643541,60.4106017638748,77.5217865561093,41.0746842609978,63.7774555803428,53.9010119730701,65.6732125122151,46.9575680122395,63.0838595249507,68.9344219092396,85.4035717308577,26.636657919705,49.7305819945123,44.0298678323935,42.5758182912103,39.2258626993145,69.4939040460262
46,12.0833333333333,65.2802039163757,54.8826819481837,132.175731419425,46.4693953983049,74.2275236742817,43.3135982674762,58.6759152027579,116.512704253844,63.62018992241,46.3477368920331,60.0480921352251,72.619437990754,84.2160974815551,60.6909957970458,112.453044538516,44.9697863019157,50.9469210157455,49.9165353408555,60.5613658432972,40.0623266326819,60.4413390903047,79.2934031994112,44.3854876050492,66.1770023137509,54.8356391385068,63.8361628358105,44.3164794522608,63.0851791936632,80.2093616895796,96.7400753983498,29.2450107210511,54.3676545076659,45.0736605952292,42.8283377727901,35.5642682728845,59.5446213063804
47,12.1666666666667,73.4368718108511,58.3486948074292,151.751342640187,46.2449357912482,85.8236572835915,41.9613995887546,66.6099311595223,124.562784023715,67.4583891486131,48.8724812793383,63.5819842223506,76.0926881300688,86.7361697983805,64.1515352139731,123.488809224377,44.7202650474182,54.0499771801704,51.5692260029696,61.8613079765423,45.1935597638519,64.8313475725968,84.9850871616696,43.9729070284883,69.6860615276668,56.1577874522904,65.5048960662026,47.7609217390476,65.4674454132658,74.378579430927,112.517990379846,29.4252420971945,54.5237629240306,47.4601724283446,47.4219839638473,38.8956292910706,72.3891232365314
48,12.25,68.7117901135397,58.2828030920051,138.711493562636,45.3997051238197,78.8699134952378,42.0281545299394,55.6071706073217,112.516321169381,62.4712263688798,44.7114290008014,61.2720193916157,69.3426556303519,81.8820403448216,59.7683649516836,115.99382492389,44.0809722074004,53.4590489032054,48.5740104679041,58.9878894293654,41.1616528055786,59.8181761494636,78.4544483219332,43.1352922306205,65.7624110080966,52.7148015303605,63.471719628469,45.2459140980678,61.9713696317251,76.2450847539388,96.4270814321773,29.2803628249299,51.4238006731536,44.1287460990274,43.4106257798649,38.0885939919761,68.3584886265399
49,12.3333333333333,69.715773355534,56.8301168265494,140.606030033549,46.6011590287567,82.2082960454406,44.5098411250672,56.066619652266,114.925916234809,68.3735044299208,48.5424764342861,59.0002373490771,72.7218393484561,82.5299241050061,62.054462128966,124.335945817245,44.2098167781217,53.4878684085636,48.8046565888658,64.3494556062893,43.3238955495233,65.3267740393029,79.945242796154,42.7064297723603,63.9245176727288,54.6508475413462,65.2924184164424,46.1305719205649,63.6067499115798,83.2449351165218,100.550476534625,30.2635078549914,55.8052060715356,43.3737009855606,43.5910989673672,37.6782463810732,62.4757510437598
50,12.4166666666667,66.47473333581,50.5169285991952,128.918144339919,40.2519338724938,72.0961188288158,38.4421285486074,54.5848647136572,109.161940272468,63.762024853468,44.9512187239083,57.4917892205484,63.6598299663433,79.4656744140003,56.360567885948,110.260106289386,39.6958630310474,48.7554510557932,44.9468312952954,54.9584050243035,42.924857723166,61.9134775656401,77.9332950190233,39.2196650910252,59.3722927329655,52.4945433239775,62.3051751456434,44.4448029170154,61.0102782023424,67.1778680197642,95.2487424876819,26.2801822488473,49.0125336046925,38.662563972335,39.4063380859703,36.3140632964059,59.2731460260797
51,12.6666666666667,63.2041548184386,52.4953741539945,129.132604939763,42.6921946897753,72.7317159231665,40.4853126021794,55.2899807977168,118.666609718334,64.338799524512,47.1483824551976,59.6731550624143,73.306245024766,81.2770997964625,59.8097218530409,111.943202847463,41.5687157622168,50.6962907711291,45.8467793488776,57.7978145319626,42.8550367074055,61.3936155847178,76.0510117680899,41.3987908457679,63.7417007291139,52.0977235930961,63.8790396602574,47.8750943584322,61.7467258870742,69.8180092177007,91.5243207747572,25.146168647529,48.4696982942748,40.9991925337069,41.7932815285597,35.1586259354479,60.1022264612806
52,12.75,79.8406353472134,55.9711306581046,149.500352452245,44.2775856670293,89.0429239526029,40.3423538411464,55.5414341471,119.302442401588,67.4137050946799,48.6733747340438,61.3483820873155,78.5136146501207,94.1930606142647,69.2887302548448,119.656868493932,42.3702553568635,48.4004778666665,48.0142097531232,57.6391223325968,46.2615697809921,65.0325091519525,83.6949375464119,43.1706854036752,61.0873099435809,55.6176244804098,66.2089906226242,49.9070157891222,62.1514159178993,78.1784489633629,99.2709191111198,26.2565440031552,48.7717089294916,42.171562392297,49.1093977276775,41.2910429359298,72.2610689797704
53,12.8333333333333,65.0445338496689,55.5563873634282,132.019323360653,42.9184339989383,76.0161011426448,40.0169392015149,50.1447485943335,113.006976926384,62.2335938521035,47.8022353893846,53.5730876560892,64.8675457324347,87.2576541197356,55.9960920617942,101.951782285481,42.1859936697901,47.8314367637764,45.1273405742359,57.8192432340312,40.4758631391892,60.3048385519591,83.6797135101985,42.3568825861667,56.7299071879672,50.2100562053793,62.3901820083631,45.420919115841,58.3889230725962,63.3579991864654,90.7032247579635,29.1030946146492,51.2179077497523,37.1598452088751,42.0833850986275,31.9253587511789,52.3379514550992
54,12.9166666666667,59.6570289064348,49.0188122943065,127.701921145052,43.6948735039126,69.8534683904575,38.9915153549586,54.178520037737,112.81863681979,64.100379134278,46.3103769491183,54.0416575777792,64.2943195379073,74.4457810973751,56.9351938687549,112.077046681464,39.1417517488102,51.6303810444397,45.0472626661765,55.4588788150175,41.906702737812,61.1284446217224,74.3318477741624,39.2837417070112,62.7566041912423,51.0250379515606,61.3548976168254,44.7554659522899,64.328328536299,68.3177159499357,89.7819362328142,25.6516675723236,47.9306827918255,40.5515516034537,43.7878477477853,35.3955996067499,57.8635529408945
55,13.0,67.8969217867442,58.1452926846603,136.646029926124,46.4558189658419,76.840560645188,42.6907291460962,56.6797012492471,117.605440703001,64.5475023229756,46.1349142521402,60.4366816305546,71.2146417011406,84.04868013668,61.0745059409595,122.297217873578,44.3453319286307,51.1429064666673,48.8754506777414,60.0303969277275,42.8102507563083,61.3614516225007,78.5110155682813,43.6061370579698,62.9518281936794,55.2095727903438,65.1737846822113,46.3161104267349,62.5237246757285,67.6864544384643,94.3408014341391,28.0432500015044,52.2339957599966,42.8304816832514,43.5457046752513,36.1124584403413,60.0459492109024
56,13.0833333333333,63.9252077887159,56.6996836773729,124.116795679493,47.0905582567885,74.0565972916813,42.6033449471587,56.7040431940099,106.079675853401,65.3919657914431,47.7344645012193,60.8844917012813,69.6892737930517,82.6547236017891,65.6656084037996,112.421487578995,45.3024633090648,53.4445889482684,48.9666482147256,59.8725312332415,42.9435747820424,61.6247910663823,78.8091220780764,43.7912502006636,64.7708298947378,53.6502089902962,63.94133254978,45.8662846157876,63.3475140812664,72.8843882156441,97.8397052864139,27.943119353841,50.2400606640658,42.733354910146,42.6062155332413,35.9491811404816,65.7184685877386
57,13.1666666666667,66.7568429534998,55.5620853222498,135.824464657318,44.5219941688398,75.8119841308959,39.5111951801167,55.7577547367541,120.173552517341,62.7317179563664,47.165281734995,55.432903763295,73.1523063047638,84.7274140333038,63.3081985917349,115.217581466579,42.6673837350109,49.1652119028889,46.6906272480683,57.5342326082785,41.5534600999918,59.5822570934441,76.4187470152324,41.1407108534031,65.959034969404,53.3372459994998,62.2388397237636,46.2726310358909,58.8424685407765,73.1370327989755,97.5827914944515,28.2151068684134,57.3293228739081,42.225509952605,43.1779682571313,37.3904598348615,68.9376923498251
58,13.25,65.1610037420175,51.9768268043208,131.833641532014,42.7224459736945,72.4333482582312,39.2728503293287,56.2134041997832,108.561088303085,63.3549577994495,47.9859489275936,56.5428287032872,68.8495132506325,82.8851311120097,60.9682034014335,114.02834733342,42.8037781283611,51.617676238174,46.5322845567273,62.8383006580638,40.6214315599708,60.0863689604355,81.2854574224875,40.9317014748657,65.5675322308869,54.0600582710717,64.1465915941654,45.0413032831253,62.6900195133002,73.2913475753636,98.0018991612612,27.7153347395856,51.8151156008384,43.977125742687,44.103287539975,34.66454675435,58.1956550593967
59,13.3333333333333,64.8121670648337,51.216561112693,131.68016946352,45.1668693615888,75.6031709118503,40.72709541821,54.5257436574441,111.102547661773,63.2708651323632,47.9243100130382,58.3071306478896,71.5728647215023,81.8280923312252,64.5288941201119,114.629498520727,40.0404385872286,50.5574477403786,47.4365326208759,57.3702323721831,45.434711609663,60.2149335188852,81.3094562938978,41.6220730910129,64.8334901585381,53.9502800566437,65.2106392215053,48.6570389221067,60.9534373550752,74.8190100077664,96.23555040321,27.580799550906,51.8512339176303,41.9340524468532,45.3995084529919,37.5472255529213,60.0237357527445
60,13.4166666666667,72.4224112033147,52.0053965408382,157.142688469707,42.1128891230885,82.700600714408,41.9461835208501,55.6009593672968,122.766754261406,64.798480551641,45.3883429214063,59.9277861441902,65.74283987884,83.5246593645785,58.8739782597712,120.076701164236,41.4570047648126,49.3850911675221,44.4318735610756,55.753848627045,43.2406319243498,62.1044084450935,77.526888747409,41.3085046619452,66.3070462827738,52.0865409224951,64.7200337078457,46.4545417070534,60.3901324108435,70.7688918318641,92.2603989793156,25.8590681401701,49.5222535696678,42.0764573800973,42.7901329613911,36.9467847476854,59.8349688691364
61,13.5,62.0977363893394,51.2589127271421,119.733940681062,43.4794058575602,78.9319369081314,41.9935220397561,55.0002019647155,112.948789175787,69.8458522041602,44.3643480801962,53.1287194440713,66.2942256703111,81.9610687049972,59.1243448684964,108.1839190987,41.8964596744894,51.3122249795674,45.3940256620848,56.4729465473425,43.1400842597451,66.815279040438,78.0756912209614,42.3186624787821,59.4503521308659,52.6113867473308,62.5232662163827,46.659944740973,65.3414226157702,73.2624009615237,90.4969208824906,25.0191696996172,47.906815107266,40.3912415667594,41.1318224826284,37.3778010487097,56.4902315308496
62,13.5833333333333,60.2371046171437,50.0256527901838,125.266404496636,42.9503331688302,68.6301236080711,38.1320276865582,52.567557816442,110.485994029851,62.713936646273,42.9629680680642,56.4929817161007,64.5677059563019,78.5277494691203,59.2423784047518,108.332496475165,39.6852128579021,47.9449912996736,44.9996394660706,55.5365459234944,39.2924539277454,59.5607181298435,72.8098805833555,39.6576635511329,60.2962238712069,49.6575441618398,57.8320895814509,43.8023298266279,60.4687581310407,66.5277132231516,85.4011280713199,23.5841139619225,49.9801782500356,40.5506581355539,42.5511482483532,34.287525692841,55.3183021374038
63,13.6666666666667,63.6065605251015,56.4172050639253,136.336449607857,44.9936421234488,76.6930030893527,41.8672373221353,59.9345511025321,118.071529385249,64.771895333693,47.1012605289659,64.4395557650032,71.1315477562117,82.0644605503564,65.70718302346,118.395568543769,43.3007846828579,51.8193209849209,48.4798938252454,58.6027686835525,42.2731873577772,62.2926269044927,82.8616063717203,41.823519120487,65.9186140992578,54.162951825011,64.0149923055405,46.1629126294303,64.03257496287,71.6107958068442,96.4767986128158,29.1278013382653,56.1610430722269,45.8814220220732,47.3310950188025,37.5714306211735,64.8267135380701
64,13.75,65.3917139502883,54.1539066243254,136.953609997828,43.2640779678594,74.6562332723499,40.4598852514435,54.4493376444207,116.535454038131,64.2645254100188,45.1626397766688,59.1270206839808,70.7249840108574,82.4232793880627,61.0991493976457,108.949791122298,41.7770365270373,50.3082900288282,47.0170565563539,56.3534374353284,42.1938643358235,61.9643183099161,77.1902936578685,41.9211393874902,63.6162139848771,52.5257032282546,61.7620483864387,46.6895696209383,63.4502033128576,71.0706579278492,94.0755956630541,27.1153504246519,50.7957059986591,42.3473630560912,42.8339488105393,35.9304514323653,65.5763137849945
65,13.8333333333333,65.8763361608397,53.6899241776553,135.592611901303,44.7768044068882,74.7661661483306,41.7043514029293,54.6920762782029,110.656455025793,65.0814142852922,46.5956933122228,57.6321386746368,69.6384249308189,78.5114613157158,60.7239525269581,118.345390864464,42.6533749373812,49.6251976366927,46.915372276249,57.5168033690225,41.5459476141996,61.90383928041,79.5949053285765,42.6290570080058,62.0815136764366,52.9072831313293,62.7939020735803,45.4100473873598,62.0259505073718,71.2518224669728,99.2920816909538,27.8425010950304,50.7690334227988,41.8949062464296,43.7872668291079,36.2019235684404,63.2887580858538
66,13.9166666666667,66.2957898336886,54.7148424783688,124.342772554923,41.6467697829731,73.0587681507867,39.5190667982188,54.9924282747245,113.74683499206,64.6944319890792,43.7987838590316,58.3401891962902,69.0411381816664,82.3544403082233,57.5342828833459,112.410162303706,41.5305312877766,50.1750076853895,45.3607188818862,53.0319815956232,39.8830978186581,61.3563557541627,76.1117392922075,41.6897098757389,63.6636332268434,52.4811235034288,60.0131006097475,45.013845639924,62.718900265285,68.3535425010926,93.9954954558909,26.9224420194401,50.7491639216475,40.4687252892885,40.8832466469936,33.5999302024872,57.5386831041792
67,14.0,71.6832825000428,58.1622440873633,146.241544134906,45.8669886473693,79.8866060085446,44.3728654542635,57.8493644230352,118.7373412084,63.7021385129425,47.147649174311,58.1842271677785,68.4471006134166,86.0503236771551,64.898676674203,126.855147002541,45.7085596086449,50.2205496867606,48.6151656604755,59.622781717282,44.3279641626988,60.9050533802712,79.4209378884799,44.4486679468961,62.9934923250266,53.6641690686807,64.6892774838984,47.2650967564577,62.651363985137,76.5006648027116,94.8044345811265,28.0049262649775,51.3227542300657,43.4065006369035,42.5855351676093,38.6945156507375,65.0033123665396
68,14.0833333333333,69.2010141754795,55.0930099519625,137.033008398174,46.2895220263571,78.6856775196282,42.5230799275273,55.3660927607801,110.511616988781,65.3645504146658,47.7346433283261,58.7133334112072,70.4750535788457,82.7172571123997,62.9337009477932,126.408971016211,44.9344267055127,51.8122044378843,48.8119227135455,60.2005198837877,41.4148635379274,62.1805272435359,79.9897913087022,43.7851015156863,65.3172294001558,53.8420488649219,64.0875041381421,45.0612780937497,62.3341216074554,73.0159986449409,104.042182437438,28.2769797291266,53.4421949035203,42.800047064227,43.7692563503035,37.1863050125629,61.0555620112433
69,14.1666666666667,78.0219195474967,58.5466512464779,150.092671760054,48.3956704623611,88.8962105352227,43.9532793460797,62.1974330723669,119.480488381162,64.8542804519599,47.8693871124889,59.0753983900947,74.8520837563719,91.5640005669314,65.1115110484955,119.191725594171,45.9699864579187,53.7681083387869,52.2067097500888,62.4762238954721,42.8905970822067,61.8804917982961,77.7546213498734,43.8019832690441,66.1721106719702,57.4136529371823,68.0044365465131,46.1782053010597,60.8197423582097,71.1864469911934,103.553669238335,28.0771122456065,53.2864435577638,47.4286915506961,48.3523819055991,39.1038164771484,79.7844365964272
70,14.25,76.592753297625,50.3962724967624,170.915558972967,41.3061897435036,88.3124284421515,40.2625176093254,54.212101110184,113.294376541268,55.0317097273793,44.3978241900083,65.4283458874493,78.209867098993,88.5070899519721,74.558969088326,118.040682142927,40.2973454715556,50.9908614168702,46.3666425998014,60.1919685306243,43.4849384686882,54.1249324722246,82.1610337806559,38.0554920889255,64.2344792449894,55.7094653224587,69.8004148671365,46.8673779486556,55.2717998858802,66.8346938862427,85.2986194375064,26.8906457015722,47.0708302963878,37.1548671978397,47.5812589044051,41.7109409902933,76.1460501065153
71,14.3333333333333,65.73976085863,54.5453905927748,127.545136720955,42.5612968825073,74.93916876351,39.1693652981926,55.5535280250505,122.845712185467,64.5332938867985,46.1085722947883,57.7034448957819,69.361054487232,82.8049659064278,56.5529723082578,111.919751699848,42.3929305474033,51.8507292247516,46.5343273131841,55.5361460309088,41.9588586033311,62.0671665991252,76.9669491533289,42.7608063075664,65.7279273421702,53.8342543859125,63.0236864141114,46.5004095877706,61.0862954025285,66.6785711764885,98.2018662711796,27.9255521011941,52.2709922901271,42.6165818363078,42.7273687578814,36.3662662545101,67.5254055488402
72,14.4166666666667,69.3505666014775,61.5006212861229,135.601555221762,43.1259129762221,79.7104531456755,42.033504828431,54.8666427607847,107.111302312781,67.2814497076854,46.7385228494339,55.8319269071888,72.912277496131,85.4841797954273,54.7093661577484,124.026454160351,48.527839339534,58.213017345513,46.8330857587608,55.4160301455322,43.0855874384729,62.6352186562435,83.009700418396,44.5897674825435,65.2146991372244,51.3148506690852,60.910910237965,47.8366926566549,63.7072774078801,74.7580890189539,96.132533639942,33.1106428977645,57.5062126547782,44.0520908990522,41.9702635201413,33.7394927732797,54.208117089477
73,14.5,63.5496276171755,53.5107452204914,122.83920320462,44.3048126327659,73.0930418231022,40.6722538322272,55.1798299079755,116.075874256362,64.193877435787,46.0227189538134,55.9794639661123,67.9640090155071,77.5092856307677,62.6499714800903,114.119814876263,41.2520268267557,49.6191346692319,47.3455854704113,58.9711596981541,42.3734364369339,62.7967592745049,78.3516412435453,40.1827682879451,59.448856482713,52.5431322461117,62.7077657831588,46.9937437395831,65.2635428267168,74.4162165621221,95.1152870124042,25.168947205404,49.0932942798317,40.6218457138896,43.0554209135393,38.0348717115366,57.8956783108115
74,14.5833333333333,73.5443031005161,53.5805616202543,120.403832995692,42.6260719083669,85.3001497401976,38.8563151412814,53.4874530721453,109.725273617126,65.0224303260949,45.887455887584,54.1727146905687,68.4491092286313,82.4413853983349,59.4925767223101,109.275957268902,41.5581309434599,50.1409738026013,45.9348178442038,54.5289492435878,42.3212760424454,63.2973528274374,78.0461075752873,40.7145016784594,60.5106601978451,52.0122930887447,63.4040252986083,47.1238421168687,63.5775990635482,70.1135703865457,87.4035042591055,28.1931127036351,51.1250392051042,41.3301194233952,41.0637376304676,37.0682566355983,57.5095820121305
75,14.6666666666667,71.0545879056131,57.8165731629205,131.696509381617,44.7245344622989,80.9376910056225,41.4310629177249,56.7746304276648,110.85212225234,60.3422598535017,44.5097155052723,59.4408435091424,70.3659379235917,81.6944147346278,59.2911363475932,129.293266301624,43.4458134078671,50.7931738431591,48.035058797167,57.2395412305313,41.5775869957401,57.985559525215,82.8784576904813,43.3627626837762,68.8235500772464,56.2540131018553,65.4483636431229,45.9965431852034,61.7563655963343,69.0065258670488,93.1954479094791,28.9635135151378,55.4518608716334,43.0226057390776,42.602517157741,36.7599661996002,62.2258526020259
76,14.75,68.467234178002,53.5824773321423,143.416410881653,44.401148488683,77.4483531763899,41.3619026856296,54.6557369967281,117.139153867905,62.637811666359,46.4411682992167,57.6335399300149,69.69397966193,78.7304223652113,62.8645098469964,110.096200925467,41.4163852466073,49.4525723953487,47.2837715494396,59.5324565693916,42.6356791081303,60.3123035742736,77.7479818168681,41.5563689068075,61.1234190783952,53.050265607838,65.2140875958938,46.5040232363147,62.1676722956422,72.0442643590226,97.3680570833512,29.0595095229808,51.1165639170431,41.0158449456159,41.2776252487694,37.9840166058823,62.635553015207
77,14.8333333333333,64.1415712468923,53.1687153324716,120.67081840328,44.6677098943893,74.9769265908191,39.940221578363,54.620030775331,114.751802372177,66.1410693738231,45.5679632375855,56.6746574380399,68.4569613761402,79.7318931515998,65.5875146106922,114.845537621355,41.1983451224761,50.7642800035483,47.1489343097244,57.9629629536333,41.529557330362,63.3528836171546,78.176568118143,41.1885939175098,61.7647606388207,52.506111600665,61.4423951857185,46.1740916990066,63.9490589508846,75.0135549998744,92.4876808748559,26.3682504984432,52.5785180657475,41.1984555929839,42.4759548477786,35.396886307804,59.9396377579217
78,14.9166666666667,64.5923409615764,53.9108209476463,129.720732987997,42.7338783377377,72.9315586845683,39.3836541698991,54.9497712170925,113.076348884221,65.1572279202018,46.0259197131612,57.3656331719931,69.9551853050172,76.2016291592215,60.0213483570632,113.390101221736,41.0106773265866,50.0543783566968,46.8665047418883,57.0178016736704,42.5514964402566,62.7265505456795,75.1167753628469,40.4117789936954,62.0584574117689,53.0525415634094,62.2193131328606,46.415106142151,62.5200237547549,70.033850986058,91.4675385463701,27.8387083208344,51.1498278086957,41.6925498799886,41.7888594799614,35.4246896316825,59.8344399805024
79,15.0,61.7099857355638,51.9337587513385,127.118087390686,46.163818244725,75.6956571412584,41.2137908615034,56.5299853863617,118.640531051874,64.926161151526,46.8592915709549,57.2993196199134,69.7740803253693,82.4893653470463,61.8371919197546,115.825933501985,42.3111123176694,52.6075660419375,50.1202083534386,62.8856215321944,42.5363837481883,62.4281284376415,77.5501301746892,42.1918183958431,63.9497455343571,53.6527084419556,63.94093317878,46.071339865667,62.1331722828123,75.4153330827596,95.3427455215028,26.3906673679739,52.2269024527715,43.7875457853847,44.8325896249152,37.4099428232824,62.6524776763792
80,15.0833333333333,67.8834387907326,55.1923721639316,132.919401765446,46.6160494899939,81.0913923405075,42.2796410633556,53.753950241657,112.973786112745,67.6240744373437,49.0335111315654,60.8191955444516,70.4333185518705,80.5517409346745,59.3060371604102,112.164878294409,43.5462965054691,50.663568906304,50.8137907322771,61.9188410667439,45.1491319887859,65.8611025541735,76.1205458577326,42.3832316903691,62.5307293518701,54.5002993105899,65.520145051448,49.2878729373001,66.4865241650703,67.3880753333194,105.286863851589,28.4735336223981,52.9341833032674,44.6408347989899,46.1073409323354,38.05527957481,63.570004345774
81,15.1666666666667,63.7052140983408,53.7593293124859,135.832519128281,45.4959583946023,83.1531224380153,41.3171916650711,55.2650435150124,122.1867069515,72.1082553365904,44.281041633715,60.2237815393752,76.8484261884247,84.841102562049,60.9750195701073,112.984642964966,43.4008539492263,53.4323850808674,48.6867375229291,57.6778765693563,43.2507087948324,68.6816961564001,75.7510068250707,42.6955186591526,62.1609527466679,51.6602701062331,64.7887210233171,46.5234502016456,68.1474209733498,73.1674729239747,91.7409102306191,28.828832254392,50.5055227120029,41.8947960229641,41.578927771544,36.59869267056,60.9272823504429
82,15.25,66.3096225002904,56.4611918090319,139.036284560611,46.0494342288929,78.4481442623187,40.6896316110177,54.4039701568632,115.817315410355,63.4700262312621,45.319680255894,59.7483836033386,75.6498508038959,83.0258104860239,57.3793131362594,128.166437423751,43.0131683538273,52.9295441792584,48.1002127067801,58.516302229351,43.6526970283962,61.3775619903723,77.6957110340431,42.810757546077,62.8394491181617,53.4727485770945,65.2851173273317,48.7801847811293,62.0483192440009,78.45269671405,99.7956920877349,27.0329870364251,49.3639123572961,43.4812655917482,41.4922889658331,37.0976872172287,64.5209849608439
83,15.3333333333333,78.9257081189651,56.2891699985147,139.236424699427,42.6128288306258,94.834133092309,42.3355925838615,66.103168411631,138.159459669715,64.6211340712956,49.9825380767445,64.3293276604348,79.3364903179374,93.5491541191431,64.1942380290671,129.758366125726,44.2459729502314,53.4146314678282,47.9052566507189,62.6484227107291,44.724966235793,62.7158686530486,76.2520880554051,43.2663622750995,65.1868764615568,55.2606510746428,67.8776384784396,48.8703146003231,64.0660366753336,64.1268961447361,94.3605812806239,27.6787122397189,56.1020646943251,44.1012341921019,44.5793878570014,38.6583559462306,76.3247857317652
84,15.4166666666667,69.1476903664473,57.9139308590483,137.730054330356,48.1930027735418,76.4386579542358,44.3203556993932,57.7696121856766,116.835123972784,66.0657009969076,48.6579555508405,64.7656977086775,75.168141940514,83.9340176365382,58.9932087346232,124.265331035734,45.7963853768708,53.2309750265068,50.9147001387089,61.6034070941113,44.7411458556288,63.1959341099267,83.9738534840924,45.1082485509991,67.515839886464,55.6596118592295,65.31976778364,47.3614608004203,64.2100607986905,74.9454025808833,96.6899799569686,28.4150799716659,51.5731932974994,44.391139530775,43.4645973323673,37.4554755539165,58.0399705119561
85,15.5,72.9110291304375,57.8268424319716,125.621929016576,47.991454174615,76.5792920434722,44.033652460703,55.6225808850131,111.735751403565,61.189246801866,45.0167354829527,58.88455447362,71.7007447431448,83.6431983596342,69.8439512440511,111.322613546398,45.0263963484505,50.423106887954,49.9708555094583,60.7272422621188,38.9012185513623,58.7633117271517,76.5280805036334,43.1486762936162,64.909767425903,54.4067312790922,65.3791755512468,44.2719278008352,60.1916672159201,62.3845669519609,99.4713873289315,30.8910546526214,52.7597464132646,45.599131018045,44.5786327627265,35.3529055431843,65.5589496257888
86,15.5833333333333,76.9426111232213,59.514685545828,156.429943165546,46.9716456995981,89.989507017936,44.3955639959894,57.6999153586147,118.788870963349,63.74318232553,49.6900696222935,66.9509351233308,77.9259850858749,89.801725726888,72.969510368163,117.539967079354,47.1402258270566,51.104849067908,51.8949138417192,66.4717525223971,47.5677829935528,60.968698405532,83.7441168154391,45.940637881688,69.387904684126,58.3599845426901,70.4379707642426,49.2363079761459,61.3374735680223,72.7886229106924,101.89085429704,28.452059194568,49.1948979093518,42.7210299787497,47.0188259952457,40.4401100212493,70.9834364182474
87,15.6666666666667,69.3190416337476,59.1311754152301,126.21506606914,47.975666046222,76.9867729516967,42.0961749588989,60.0712568196114,109.292832143624,66.5024880931803,43.8696495362297,65.8895272309436,69.5388705164183,92.7707066219624,61.7145959342447,106.251419766431,45.9424907916453,49.3130957548775,50.8514482544852,59.4370835449221,42.6871471140946,62.4731499337185,82.8337652801501,44.6609245878767,69.462744245483,59.3453819200545,64.406195946037,48.9378906716916,61.8750642989439,72.6434463544519,94.3861346968073,27.7552561897216,52.3005790272174,46.3916463764781,43.815498694976,38.5112608895469,69.7850586437485
88,15.75,60.2637256496353,47.4713387467715,132.667953675097,43.7613785584074,73.0916520812595,39.8439222285176,50.5800100091306,113.671841313724,68.1402655748828,47.8612374179556,52.6422719022822,64.1575602144976,79.2394492901569,67.0672475168097,109.089772540538,39.1534918043019,49.5084177019653,48.328052296399,60.8215571228091,43.5320372052057,66.6161383108553,79.7876197444433,38.3985614952481,60.3606884936741,52.8246940338273,62.2622813053943,47.5656851014742,66.4315830093955,104.818187549336,88.8162973363388,28.4985338012511,48.6699224494251,40.1903151262226,45.618653905663,34.994385672106,62.4396847001342
89,15.8333333333333,67.7669703433589,53.9102788553335,129.481987230824,45.1117590319388,82.3631995685225,42.2977868887994,58.4254994573236,121.142127219278,65.3755533131744,50.0538100652971,64.2584841535924,74.6049120991302,93.6366937905426,62.4864579071724,116.098485640244,43.081419179477,51.0488348133515,46.784839226999,59.2071018504215,46.0901693581595,62.1567116143404,82.2924845136671,44.7121628127396,72.4631767370714,55.7632753778188,68.2888481559109,50.7514551676868,63.286105086611,77.9687542204781,95.158379453416,24.2092799655252,49.1132304296454,43.8741806516195,43.9679569169382,39.3499349758586,76.2089454855601
90,15.9166666666667,64.7428324326613,53.7656758262678,138.298797009625,44.9614994769764,73.4249216782303,37.8134642796755,56.4628543541497,118.161754015399,65.8730854878882,47.1355726719192,61.4125135040468,68.7838583197162,77.6264561107467,62.6249094585699,119.834044836948,40.6075304281538,50.4320955919945,47.5311190008977,56.2169382748743,42.5883711673366,63.8247542516099,83.5111317473232,42.002011792245,68.3670544280749,54.6334400844358,64.3961091647272,47.1431926114083,64.303493477126,73.964874076494,93.7675657722723,27.7336663392423,53.1179170181271,41.7310970929567,42.8731928305285,35.4338060065436,65.4743738824746
91,16.0,78.447704746181,56.075709436296,151.99434681116,45.2315680021369,83.0029455601791,41.2347297401813,61.005859229013,132.781442905444,65.5997719660555,45.5606286085313,58.9134544949605,72.7640830500452,90.0367967608866,59.1751542860807,122.245184295887,43.6146472240666,51.0164259265207,47.4569287610968,58.5376069291638,44.5600661350617,62.9315046416269,89.0094077369171,44.2199456991939,66.7753827159771,56.6007592450975,66.392389215079,49.3837223798726,65.7168210805801,72.6297051359353,112.179540083084,27.9596435975215,52.262583731026,46.3065998994892,45.3058532313283,36.0247542085835,74.1803344458308
92,16.1666666666667,65.7758942621976,57.1039272298127,138.595775454326,46.2477144269675,75.1941821174617,41.3251831909703,54.6641469564658,106.370921118516,65.5426198367283,46.8889054082887,61.754371194539,72.4121221144512,78.8688548385001,61.6548455195617,128.150134960619,43.4432114903671,50.1277668491868,47.9290639868308,58.7150277253742,43.9240883387068,62.8536967724172,83.3040306038954,43.4206842605061,62.7178766142004,53.4244263626444,62.5558641705127,46.9608453780858,63.0382339575437,77.4297142205443,102.413402615731,29.8320103796238,52.6403530106265,46.3353853349349,45.9363192282685,36.1311327525673,58.2344950032973
93,16.25,63.046136049381,54.6699968734814,139.412220937864,47.3925474463436,72.3054300146723,39.5899081908086,56.0245127789427,122.852975772826,66.689383283613,47.2705067462031,60.7090816673513,68.2003029557462,85.286772003978,64.7509247538886,111.716894964769,41.2468103330712,49.2485382788785,49.7994109215308,60.6773294249686,41.4271621334508,63.5204265030848,75.6913210792561,42.6615015064225,64.9825914019338,54.2555315619349,64.2928958791503,45.0849142397418,64.4632237717954,74.2110599994227,107.509980598261,31.8017959686414,53.3855856298069,44.3119476473176,40.5377755939651,35.2204375703214,76.5240210587711
94,16.3333333333333,68.2972890437781,58.1952852780994,148.542156582263,46.5867112205152,78.5269018719836,41.9595626752155,59.2520181053719,121.650663105827,68.0024794035706,48.1091265292616,64.0383600204641,77.8642602782409,86.2940644361479,62.2647329028249,121.006667084068,45.1205095417161,52.7284821138729,50.8131325104199,61.6823225809581,44.9143854004286,64.8569299699852,81.3280303262684,45.0588143636099,67.1175945826683,54.5381115784856,66.3030199332946,48.1016257183498,65.5793546382528,89.0826429955294,95.188089806211,30.5190897535927,54.3215634134491,44.9243546816421,46.562289108696,36.2743197949518,63.1968848581888
95,16.4166666666667,74.7093452492323,59.2368428418077,136.292121001927,45.774921797086,80.8589916641422,42.7471769176294,56.4667098965403,113.536577418678,63.4342686413678,45.5453160404291,57.8659578596918,70.3183074416167,85.1767651970726,66.0862147455148,121.025742392386,45.9639499490149,54.1180386513292,47.2999112125868,59.437032456353,43.42172751919,61.9030032954405,80.5865855114247,43.8811529716142,64.2840900581159,53.3690942252334,65.6681775548713,47.9667225070768,64.3641967320217,68.4954269089215,97.4251500858731,27.6713444513443,51.0316260689972,42.4972914533993,43.0556154465216,35.4886328347881,65.2870120322178
96,16.5,66.6493279033208,55.4844843981402,125.660356940219,44.5133618054963,77.0466407067874,42.42557350181,57.4287656441408,111.896876675777,61.9681753465388,44.4020441133239,60.9016777867054,73.8647240920388,79.6812794277713,61.9448726061447,125.583158854445,42.5739749290071,50.5525790534942,48.2935389061507,54.0943977258569,41.8984339151795,59.6772669591313,81.6257052823635,44.2392604690185,65.2055309585661,55.4558740123709,61.9583075775273,46.115399167812,61.2810522570572,74.7203257940108,90.1979001498487,27.9429041628147,50.0924693113378,45.7267654524582,45.8319027385343,38.0528780128316,73.1533567895103
97,16.5833333333333,67.2488883893879,54.2490353735005,113.017081435253,40.3910535392674,76.6622049564302,43.4431966190496,58.8025828699376,112.462117045274,66.2588228549319,49.1840004975331,56.9037943310915,76.9947707632232,86.7048785877543,58.2085517222686,109.829267744265,43.5074007552308,50.3809058717045,44.4716192517233,61.8663825908726,45.842230962321,62.9742076566574,75.8170031226757,45.8552774910756,70.3772347810642,51.4864898164616,65.8863229811307,48.0551612292789,62.0236014234582,73.4739375580591,81.6264227376634,28.4209930539784,49.8683479866239,36.7216108085481,40.0837614849227,38.0602460028188,63.2450422354188
98,16.6666666666667,73.3179726505076,60.4359696155876,129.868735996127,45.8299686961382,78.0933281219708,44.9878833874464,55.8469807317179,117.267496140203,58.3883683394453,46.7984006395341,59.2754271824715,67.949070819847,83.4671100931513,58.0347903469143,128.936162870825,49.7356191332302,52.6851670777393,48.4603630696825,63.3228442385367,40.6315626843632,56.3828925878514,80.377023213542,47.4793923158253,63.9450104616379,54.9937095347784,70.2156596002869,46.612451363753,60.5618856662262,76.731175850218,98.9699694550605,30.1619588972674,52.4630449088538,44.309088696827,43.644125585009,36.6053513179921,64.7828734326507
99,16.75,75.0898994596533,64.5189265945743,144.363615894607,45.843312889089,82.3952009513605,43.4927936033015,62.179257124945,121.491871723324,67.6888354655377,48.9275450427601,59.355765261727,78.3327349702801,81.8007428460786,62.5429782208015,116.601128508133,49.9584498180083,50.0223011065563,48.1730561025972,59.5327142032781,43.1783126672236,64.4982729709023,83.610436588454,48.1817986818841,67.0134369960779,53.3012105489307,64.6496016288177,46.7354321698271,64.1723949775307,71.2378846440186,109.768507136484,32.7322209590614,54.0602951239615,44.5805683020711,46.5947595031005,36.3081444279019,69.266056259643
100,16.8333333333333,71.5440400187822,57.5240854452318,136.244654704896,46.2360734828916,83.1317758358081,40.6708048135006,55.3279965353685,111.055665305655,66.4279606904661,47.226922215881,61.8570962725369,75.3753462767985,84.6773326596568,62.8182085622377,119.480615489346,43.3165900872574,52.3706633329836,48.8276657436834,60.4067003367455,43.5300342628533,63.0664721950843,78.3944084342971,42.6910061451692,67.4910224491216,54.4336302090289,64.0913365509008,47.2229853431444,62.0282690814475,71.3397899896331,91.0376065301342,29.143423366731,51.9849833203971,42.0644531706969,43.0723564169294,38.2739657316968,55.1006468777937
101,16.9166666666667,62.3485312951644,49.556770694022,118.723259643978,40.6609768600854,69.9383569784555,39.4125772111359,54.1517295147705,115.182477100012,64.7414724509527,42.1598681040282,54.112283324057,70.8151274935257,80.009402802692,57.8747274204397,120.619565163688,40.4147922370233,50.0702377217828,43.800209012171,54.5661640615479,39.1066867943241,61.8957152682778,76.232371848265,40.8439568862315,63.4451779737175,49.5491777613197,60.8455167961687,44.739255103844,61.3027394401862,73.5313915869914,95.644832191228,24.6838181007288,52.809711851027,39.7312192437344,41.630169598613,32.4731776310719,57.8253411839173
102,17.0833333333333,72.3888175259199,56.5184787226825,135.362064824791,47.4516660451119,81.0662403441135,43.0592625864049,57.3678207462411,117.70009835418,64.9605696719934,44.643725817457,57.708582905451,75.246444774042,91.1994924243611,61.6404611517299,123.04669399089,44.3076428134971,50.5506930838499,49.6510854586194,61.4068518758289,42.3149407671566,63.9301239816862,80.1057985504096,43.2780028265353,63.2754576257704,53.9620808116454,65.4934495200263,47.1853587469181,63.9105600468606,76.5033466851991,97.1232884106072,28.5137912514462,52.668053831526,44.4236669494785,43.563149707704,36.4281635833775,67.4887845732192
103,17.1666666666667,76.4730406523857,49.671274413373,144.759210059373,44.477370879327,79.5653614012879,43.6953829972753,51.177949051302,121.670978336164,65.3618153558582,44.0449937653692,60.5162514777941,66.5258096337245,87.0771973058612,67.3725558452534,122.43985905457,43.2530410337308,48.1537223242212,48.2160867798812,61.164444768009,41.8817544015342,63.0803058997375,79.2540343270249,44.2092594261642,63.2817715947155,56.0239731421759,68.3753293906904,46.3288394416558,64.2661075458292,72.2075265095064,108.442391900988,32.2612010939634,52.0276187657261,40.7062391645033,45.1726956830694,36.1046474345212,54.9186508987732
104,17.25,77.1777406729266,58.8295698944272,139.989732729147,46.9930755462463,89.096484882018,40.3031647741876,53.8682389053471,115.954484683034,66.9780710635681,44.8500137971125,61.1044346501516,74.5918777149751,90.0351719707002,58.7818919924547,125.699799427297,46.8835142750758,50.7616689118682,50.0549039857949,60.1997268117838,44.3440300997382,64.3041217971287,72.9491839429236,42.8612324231759,61.8140347158777,53.7981913281145,65.5615964008339,49.4924894174648,64.2889151456007,78.6047689884013,89.9755903015463,29.1172379696224,44.7458710859031,40.2677379638738,40.4282592976387,37.3756984866845,68.0562712306661
105,17.3333333333333,75.2128442089337,55.1322468176459,140.627919131466,50.9436585329395,83.8519540463685,44.7696582064638,52.8873929886567,116.151464377163,64.4570425697906,49.8708224281518,60.9164928363545,72.8515264080187,88.7212224829794,72.7192720100112,124.244575266567,46.9106564728443,56.9895910461383,53.60827833847,64.7397814468576,44.6322822512732,61.6194787922444,83.2407778597725,45.3297199296978,64.3567164671013,58.4116281996178,67.2425650191151,48.6332471690723,60.787895576841,77.3873843254047,95.6419915609523,29.3347440749369,52.958540831098,42.3974426941785,40.8520785008051,37.5978558772255,62.3285983066801
106,17.4166666666667,63.7528515962388,58.0074852857122,133.794714459616,46.4597702015893,74.9952781305738,42.7360085265408,53.7309797457967,115.466716137285,63.15629237207,47.4279427742966,61.4392488675662,72.2078011955475,78.9938219598148,68.4545072276318,123.033084549919,44.5567164166888,51.1184426876918,49.2036193862539,59.7598272841788,43.1744456876279,60.2529395527168,81.7348488458395,43.9782595838176,67.9378910633647,53.824945414092,63.610756680869,46.9164317856783,61.1471492102346,64.1942615617711,91.2287396663377,27.6777784430096,51.2353739932473,44.8760677366637,43.5252082522279,37.6844610725153,59.1635445314842
107,17.5833333333333,63.1330378928635,55.3156863927149,158.873196769986,49.7066752936865,78.7892601040287,43.1425277948277,60.8612426252992,118.404545396285,60.8764179124591,43.4627520483548,59.2579395743116,67.2390281671855,74.6950752365374,78.0444829258313,127.697025058948,44.5544920373962,50.7199480816122,51.495026381114,59.5179997251409,42.2388927767857,57.3009035168093,83.0527890151277,43.5135043073819,66.3241679869667,57.1186014870112,64.2482276038408,45.7585796321182,63.5187802775106,70.5450165820127,108.656571065223,25.344490174178,47.2763033398786,45.5876680745034,43.1484183306757,38.4577281783994,65.6314736598424
108,17.6666666666667,70.741674108451,52.7175471055806,129.009706141466,46.1943733105475,80.3232346897729,40.2260054927627,58.7045153610349,124.477098704758,65.6912072352966,45.6324812128901,61.4731899434607,70.9398563658818,78.3510991629329,63.898239344557,118.333885142578,42.6822481780798,53.0246517838197,49.302536451491,56.8506130320779,41.40492507433,63.1376364187634,79.2613380392046,42.9982957252919,63.7571834473483,53.9319628508221,63.3059931504867,46.2681116630876,62.4453289024137,68.5879867202033,94.3296893450559,25.5030447401992,54.3880814001436,44.9052312038298,41.6360688459824,35.4498339497014,66.9411050143468
109,17.75,86.8851831057774,59.7840222047789,149.175279934578,45.2508495059308,95.6734940440132,43.7176661625248,59.4959468926044,126.874824235534,62.5365072714836,48.4450532221519,64.2328049075462,79.9296896320391,89.8723299797813,65.3209172124727,116.383144995441,46.1800207821895,53.1763871297261,50.2727079442833,62.307054251108,47.5018758034806,60.6443544896166,82.6032904795164,45.0820911878613,66.8238231171093,54.9303566653151,69.2179033321851,50.9935914940465,62.965192798513,78.4572137091691,98.0689042509827,31.8633390793747,54.2847631924338,44.1504890427788,45.9082828382463,39.8741983638863,68.0947804801564
110,17.8333333333333,71.4787491701343,56.2578370577097,116.436269356177,45.7486164430359,78.4012847443004,42.5281018598719,56.2027992907121,119.714512399616,63.4662489950387,44.0154483846182,61.3943475680236,66.4758039433752,80.5747873206802,62.7145071380783,122.31180537245,44.7152282615228,53.1531405157858,48.5742161278737,56.4250434336791,41.9098774853338,60.8808019344911,80.1726808593029,44.3579646180608,63.1467224022845,55.6949971248932,61.0336923480234,45.5671536595798,62.2639474476728,69.5879267499994,86.0113210487293,27.9751369083492,50.4938888449327,44.3765670102506,39.7875395859899,36.9233910142816,55.4862462901513
111,18.0,69.0250254110616,53.8738556078877,143.749859507674,47.5455688094722,79.9104610966048,43.3085509782023,57.8786959952658,113.138338586253,63.8629823340434,46.164117355479,63.8539369464224,69.5265193629595,81.8783840922472,61.2405100836812,124.897752358893,43.2066371049887,52.9164344707511,50.2009838917842,59.9495952115923,43.8993196266873,61.1952590030804,84.5468942285533,43.7355227867578,66.7810912757091,55.9932229983237,64.0176277903247,46.7878521402412,65.015192016499,72.3300120266321,99.5179062567648,29.7886000385176,54.4022379976011,46.7035336925763,45.6707632590833,37.2554830399378,61.7671339850856
112,18.1666666666667,79.2507027400961,63.5847171690832,167.317814376155,50.9554642777528,95.4620743605005,42.6926032817635,66.8273830074548,146.987151792491,75.0244815260318,53.9675069350235,71.9916521098283,87.9052426655526,91.4189992026927,61.6413528922057,136.645789558897,47.1482189059901,56.0812424457766,53.862312891265,70.3040165415195,51.8391702832516,72.6778203105332,90.7637296811688,44.6836578888859,71.5131007902197,59.9044367346453,73.3912040704114,52.9843517673674,70.865391667742,70.3041889603277,95.6564342360341,32.1358138706155,53.5851094973222,47.0377958595706,42.8346901071308,44.8686697616744,72.4671009509386
113,18.25,65.344208509477,61.0370439775244,129.767355700885,48.294469860386,72.6272828161239,40.5981188479916,58.7178851569314,118.817671975252,65.8716291856032,46.8585525826714,59.2699448318248,74.0799848005771,83.1079917678962,57.7276153904726,120.996500984537,45.9653611811326,49.460161227492,49.010435514129,61.8749322387132,43.8767057579663,60.5648279826738,78.1104263003178,46.052233616274,67.7302006688048,53.7119072469044,63.3014870524304,46.5387616019507,62.129270202826,81.3434373439949,89.5119559824847,29.6897681230217,51.220038991692,44.0192115224453,47.2077100844203,38.9081109576633,69.6916626035163
114,18.3333333333333,88.358769870722,56.9504445306417,205.763384086663,45.0142147781791,111.794214751471,45.4415353102879,60.5336553603584,118.835562673414,65.9875054783234,51.754418154501,74.1037617106222,77.8844473132854,83.7478915587695,74.4759212462592,126.477099648996,42.5287729395163,48.8252500561203,48.5624025918476,65.1485465955196,48.2232040249315,64.182294948535,78.9754138024273,39.4425788298103,67.3966037434159,58.5069196792046,76.3983465736404,52.3451831651412,65.3929006247341,73.6481141662238,89.9190004146997,25.8180959459566,50.3875838763972,41.5095130880587,45.8266482238316,43.8372900300668,74.6170612250434
115,18.4166666666667,84.1894077035221,57.8888691585457,151.036604750718,45.6251154474895,92.6944573401333,42.8186205308596,61.5970797758618,131.349503724305,68.0645654068588,47.6489099675226,61.1344656174906,83.8970726222903,95.2215613070571,55.7156305593426,121.21760970057,46.9187020735698,56.8539313081863,49.0771554240452,61.2327404070089,46.6186427850586,65.4794644513111,85.1191464738922,44.3571941907091,68.7767712771327,57.7060319272539,71.503237190479,50.4274925063675,66.0774224796198,73.2207845804382,106.985855442915,27.6013558078843,52.3589676951607,44.9888806196285,44.8564341191043,39.9718805411564,66.143443104392
116,18.5,71.0691577512019,59.1458299409889,156.288685864962,45.7348203924965,86.7078643551963,42.2964292297724,55.0375338832393,117.90093810568,66.5118979111735,47.75776238637,62.3671085860637,82.2805169898043,85.6754528605456,61.5553234945661,123.212853528408,47.2547674239108,51.148202563041,50.1005521788175,60.2318041657348,44.8139031400236,62.3728135869673,77.2804733732202,45.7552041939413,68.1444557785641,55.5318432088364,65.929840513528,50.0906263725545,63.0423989974046,68.6640486405133,98.6633668642709,32.1099084467837,53.3343168017906,43.9705397506176,44.9821004783604,42.1506010301883,65.9981618823153
117,18.5833333333333,66.5606630960919,60.1052325354718,166.551516497628,44.9842719007279,80.0171500254089,44.5780659639678,56.8075022847372,125.149190494619,63.3039367202704,44.6204465636543,55.7158827882868,68.4367666851444,76.3780579583453,56.2554465187095,132.568231505576,46.1173647548744,51.3660853369735,48.1635056720855,53.8423746186255,39.3912673675384,59.8614045823264,83.1807740852298,44.407418330271,63.1396593692137,55.7946750551804,64.6256183345595,45.287515177103,64.5511958799974,61.6289689627869,99.6585714714389,30.6448926163352,57.7510293587431,45.0014500439194,46.2936420694827,34.8060153170824,74.0246993415589
118,18.6666666666667,67.7478810134811,59.7653847490301,157.618625237468,46.6528594329768,77.78612733773,37.4903616929802,73.4881983162798,125.306040564614,68.2633365397289,49.5646024832967,66.7412885798737,76.4801440341967,100.523374380405,68.1863451261196,123.064133557593,45.1295592251599,49.6128324400806,47.4658165889195,62.572102191867,49.2989659288948,66.5138560399195,81.4053543931908,43.4773289357347,64.3996607682427,52.6467295428293,65.0332806020599,53.0227929502357,64.5110735831534,77.2614804786977,99.7816086603103,27.647729501077,57.0874899310689,42.2058182391428,45.6919555619653,40.1052074167903,80.7383945379762
119,18.75,64.339711943364,58.1891878440431,141.062782689568,48.1401714241484,78.7819825904365,41.6216526896212,59.6600786637927,116.869829007755,67.3168126635485,48.1985813747751,58.8540077607001,71.7848159657349,80.4159411193295,65.8143332889549,124.181381844136,45.5563982100292,49.115979071326,48.550126046789,61.1758120266444,45.3517110170223,63.8796639571811,83.460024381408,43.5889676401414,64.1093876189812,54.2026598507537,62.9945014997899,48.258895006323,66.9364833316779,78.1814910668829,101.243329552995,30.3742421268226,51.778185771996,42.4866218619458,44.556334514188,38.0202152308364,60.6464049127944
120,18.8333333333333,76.3237225647238,51.5909345139054,127.089476003387,45.1807357808063,86.4726393090887,40.2955356947054,55.7233510574543,118.609414809723,63.7983697894542,43.3185244550219,64.0952772266277,69.5077433286373,85.2168139192771,74.0294170801978,124.231600047527,44.5952447829496,54.2424030573094,48.8640088010264,58.962279681519,42.5554000394428,61.8160965874676,85.2604246166117,43.2812339815804,61.7146805504552,53.7185097814641,65.0448940570656,47.8156179842892,67.2673595763581,68.6980567199478,95.8611424806536,28.8542104111548,50.8042786476015,39.1937190780814,42.2019705052631,37.3854871951302,58.7873855051376
121,18.9166666666667,66.5488150253356,55.1561237861487,133.808909675496,42.0026420949062,78.3440220215445,41.418463369612,54.4361035020897,112.523253600808,67.8433211589654,45.7803828753299,59.9082549893471,72.49990708098,84.9080645273719,59.1845238218185,117.556152222837,42.7142896839119,51.9415488184187,46.0308451883727,57.2760599972737,42.0167284691606,65.4320754449712,78.9023518865948,42.8306743519405,65.7281953686936,54.0056191916281,64.8348929589955,47.8083430124907,65.3415313146773,69.7631581706505,91.6111209213496,29.053993052232,50.9767463170767,43.3878593176164,43.5465885628769,37.7630052028726,58.7058323372767
122,19.0,76.6926463267192,55.8025520743234,154.834604682157,44.8899708042568,86.1907133626958,40.9928861186017,60.8664790581923,128.43822912533,66.8010785030543,48.4026474272895,63.0059981763504,75.286515190943,87.1188599713691,71.7230553130118,134.156771143084,43.4587777946642,52.7355560885797,47.0637961783422,60.9581375102237,45.8452761660896,63.5707901739025,83.1749188720367,45.0597979059604,67.3464331381693,58.680429113932,72.6854982174271,51.1772344677422,62.6109271047152,76.7245532500299,102.803576620404,29.2624477114274,52.1115355186119,42.4058998121608,43.5205762773628,39.3927850024252,62.8955256237357
123,19.0833333333333,68.6075334568651,60.5626417274619,147.263058497107,46.2214954487507,80.2748816494116,41.2463867347416,58.1974389260291,117.006149877734,65.8695750299663,45.7274196599432,57.494184885512,74.0147389489036,82.7337109912522,65.531762959286,129.306780348999,45.3638046466234,50.8444480545794,48.0350810724628,60.8144600738276,43.0401624261141,62.9328660986327,81.3630200064005,44.1381139826409,68.2235117032258,53.2137249025952,63.7897920994034,46.5662890327644,64.7227761539004,70.7742244092511,100.483693096819,28.3217871099974,51.4832260991934,43.0600365323924,43.0489659671763,37.5012269736776,58.0990796177631
124,19.1666666666667,64.4628557106614,56.7220801195374,126.848907751446,47.4225049444383,74.5170359455624,40.7074168724319,55.7549269810586,110.497052029228,64.5677651709023,45.9573848263475,59.6404458993525,74.955985668084,81.0945354804793,62.3634567473387,121.52599099143,43.5298670035569,50.1611551106763,49.4756915694458,60.8170902483852,43.6949921634864,61.2643093218272,81.8028980775166,42.9978252585637,64.8724847898494,52.4165114156855,65.0005634761339,48.3564783186809,62.2486866293824,78.146557806964,97.8541877820215,29.5090144678095,55.5290537558016,45.1986808576603,43.9815995100662,37.5423326175135,62.7475355329142
125,19.25,70.1105516940654,56.1645567164416,143.504747522638,45.2382879112981,79.6845719781188,41.5229246877362,56.1895533271664,115.388009340546,64.1713442674494,45.885382279557,63.540966445388,74.9588297864404,88.5694814274744,55.665204049621,117.644608063641,42.7408485452263,53.2099171325464,48.4331496568327,61.1935503636798,44.0702180762206,61.0818836227645,81.2406580523874,41.9411202599026,64.8586863515689,53.0387459381228,64.1315534648107,48.5282800623099,61.5183619665148,79.4368254509778,93.1529771367345,25.1093347977028,48.491866696442,40.5862600536317,41.6175977120448,34.2853765575324,66.1485345810867
126,19.3333333333333,62.2130136444889,53.480923553587,122.388444742598,42.9162763603031,82.2794539450428,38.5582891712609,61.4611555396287,121.683554305784,63.7345557619436,45.1863778073149,60.3561222538728,68.7101604756256,82.8961576454037,61.0228092327976,111.429999685171,41.3051004218344,50.2007951209989,45.8773095143471,58.1109242530647,43.2452760271089,59.7616713169931,85.6000415719037,41.6018421909862,67.0579498376946,52.0937984241219,63.8773967097694,45.0211750768577,62.5827102821362,72.6588410873402,99.797763505297,29.2317213797598,52.1623314547899,48.6743423507027,48.7450463558261,37.7055210776061,68.254833537261
127,19.4166666666667,77.7854567924919,58.1910241966843,155.406980707836,46.3405244927865,85.7391113857148,47.390365297888,61.2798308915305,125.38691604998,66.8619886800874,48.5315894811084,62.8494916861205,78.0188000139444,93.0688264627645,68.5771454796188,134.526302412365,49.4616945851752,50.9992346143548,49.2540034461634,62.9430674843031,46.0818876636824,63.5554755749828,82.0984967131149,46.9674946618253,69.2428379896802,58.2315571508994,67.9099755571724,49.485717416442,65.6125037394529,75.6571344878919,101.137020714281,29.7078362381198,50.0942895556345,40.4791269952196,43.6443930552631,42.2558194310333,56.603402259869
128,19.5,74.8418110574,53.3645370447007,145.642309665964,45.4757461189589,91.0468169680361,42.7880259251508,58.9834377945921,112.324707974469,63.0152267368622,46.8082918392445,58.4857644637735,70.3606144929078,82.8320622421411,65.78197627479,105.449324605444,42.0606723797788,50.6893268647123,47.4996129979878,58.5176577520116,41.3843137663428,58.7768478302811,79.2318974477116,42.1602278960853,65.216743062406,54.2744824534084,66.2279065021918,46.5683449759162,63.0278032049519,64.1884888890136,86.5164051193855,26.1181352675867,48.7609092166985,41.3540587641483,44.294821069737,36.6487786646664,60.9008405583432
129,19.5833333333333,70.7245222774936,54.4773464024234,125.40029909022,42.9323521287509,84.4324127321099,42.332651194941,53.1430590727837,110.382035694867,61.3373034926028,44.4728772234645,56.4674716945319,65.6911039875178,80.5516315577371,57.4635480689704,109.014352499613,43.4307795704726,51.9474685269333,46.3566641436458,59.5127680873404,42.5080002574518,58.5353913116605,80.340169719249,42.5272089510554,64.9228101768214,53.5749577170656,65.331348077665,46.9761109419299,62.7781794317224,73.5363775802088,89.3250323744366,24.6729403613123,49.2049882342884,41.2948023801333,41.6132613505869,38.0501399481296,65.4835536319754
130,19.6666666666667,66.1804461759531,58.7812021900388,150.265670056498,45.4206082963232,82.8740527880671,42.2730964811668,52.4427247097837,122.388530497765,70.8601096057101,50.010030436078,62.6189187614253,68.5309253770745,82.6542518195319,56.383093296981,124.133644407673,45.33509594928,53.6544049579877,47.268857231992,59.3250349808616,43.6504589121168,68.3326886032444,76.7946068226258,45.4352487885897,63.8433275268833,51.6794827609266,63.911923448088,47.9732460458132,66.9366465910243,57.5871923741149,98.7223956844513,27.8856328942059,55.7383178036632,41.8241957569371,43.4267005956978,38.1884058995818,66.0891657620736
131,19.75,87.6242184033117,55.5599420301795,173.807019170913,44.3369045757301,96.5970540819269,42.6145168079437,59.8434411250708,133.322469476363,63.0180092219381,45.9127500185628,64.3093067378754,73.8486792462852,86.6462412249443,64.1657943570904,124.603032757031,43.3505987656146,50.1018635073127,50.2494390805129,57.5768344189105,47.210962552568,60.3541640014154,77.6637219722414,42.5784396107144,60.582509501783,57.9142448423435,75.7121019905856,51.9023726417046,59.3899633887593,54.1973051423388,94.1289442414401,24.7392112647963,46.6671026913247,43.268330459221,54.9192842007455,46.0919033264978,73.7065112104234
132,19.8333333333333,71.442138849831,52.6458705666136,144.216153199973,45.543826867418,83.951584946484,42.746460270299,57.7119956973838,121.480752758059,61.4423576803817,49.5687148671212,60.5163309861233,70.5248663292951,93.727968227306,55.4951134295005,127.824926073255,45.6701527083551,51.6236942758108,49.2774875106518,66.0185156211451,45.8055697433316,57.832163843453,75.815341710976,45.9078560805124,70.8862324052218,54.8515960685236,69.4815824311744,48.65324776322,62.9603825279451,70.2265037203457,100.26884538726,25.2328997264106,46.7639330916949,38.2241014575859,41.3230026496227,38.6695564645081,55.3937302874609
133,20.0,66.3400198142371,57.078464497007,123.392646390586,45.2205529558512,78.6485955837844,39.4317085479676,61.064298768568,109.36461325143,62.9260072765466,45.535660871561,65.2343547531172,74.2582593030068,91.720742460589,59.5466070921319,118.94057827323,43.2179546643167,50.2555297958475,49.6995779699247,60.7281503738767,42.5649332783805,60.3864875930289,82.1915166348836,41.9349228471765,67.6575286663775,55.4015972225834,64.6333467203509,47.0037156426814,61.7021702270432,67.8511019507187,97.774258203481,28.5853451822728,57.1808223181582,45.3036687436646,45.3199238223997,36.1236527284135,62.8965509629111
134,20.0833333333333,74.5317661831521,50.0904258671339,140.112486526052,46.8244476227242,80.2812615966645,41.8746205822598,59.3373706691404,141.121504029215,69.7015737655755,48.0857581643899,58.482380550622,65.9863053390045,83.6562786166964,62.4376129059184,117.922160126315,42.9149125252929,55.7541875716707,49.3473349062415,58.8924350284658,45.4695502344513,65.5837794015521,81.2825495035977,44.2680090963436,72.7476835551227,54.4512685675942,63.2979396167405,46.9132903312014,66.1578537575349,74.4723913997572,93.7414728185342,26.120407451185,52.5329117939378,38.964579644135,44.7123721161792,36.7287616912766,64.0721099354431
135,20.1666666666667,66.0098577185989,53.6547144082365,141.546339152783,44.9430786893222,75.6741322703637,38.9233126698642,58.6886080865393,112.464934587763,64.8075076320462,46.9543367856448,58.2585359178668,68.7351333367916,85.7271364095614,60.0574934378445,124.909983165438,42.9287283005924,49.6923943094356,48.1023785420918,62.2780749802384,42.784020055523,62.2925687209976,77.5988662951901,42.2988239281399,69.2203279835584,55.0788495680004,67.0594210285188,46.5436412768727,62.0401632871731,70.0847722816876,96.7819594728224,30.5783896184921,52.6667434768819,45.2250169146135,44.6818268883948,36.8117061941868,61.2297227992608
136,20.25,75.0473818469794,52.0140479934691,121.459362777577,45.7099115406865,86.7694006425158,41.5213800913095,59.2954389830986,115.603997276193,65.3690648756082,47.9548623286591,57.224040879306,71.7075257394911,82.067552071032,63.4222130512324,115.978551914524,42.7674890259309,51.865008752203,47.1921577086832,58.1094286100138,45.2682946475885,62.6842409488688,78.3965391838713,42.386440988638,65.0817436778821,52.8646690872014,65.3824554864109,49.4006931539194,63.870116237306,71.2051112921922,92.9251693458069,30.1482806232686,52.818058683444,46.825287536168,40.865790458385,39.182438611765,60.4318677243523
137,20.3333333333333,77.7922091644951,63.3985134219086,167.711532500252,47.9875472724752,85.0036721960008,45.7963288202631,60.9361125934224,126.124871872883,69.2383384744249,50.2060521953556,54.7892257960219,80.2420325094404,88.2390682028268,67.7397842473064,154.917202930729,49.1365175742896,59.4778122527718,48.1047707865003,62.9972636780574,46.5444327217156,64.5257688770952,93.019833861765,46.9485021008518,73.1988121745428,57.0307535028657,65.6429447288259,50.5307979677932,66.4326792953289,81.0056236012969,97.4340889538422,30.1957996784721,47.1310665997661,41.5160662223641,42.9746847872452,40.2466945307773,61.560628427368
138,20.4166666666667,65.0303448994333,56.2209198640775,143.312645437267,47.324492536646,75.0037556218904,43.6827402794126,57.8532264933155,122.864602080717,66.2596712242193,46.6970287954009,62.2967698429354,76.4477894332448,89.891648817901,66.3557325068808,130.879359524888,46.6662358706631,55.2315557599341,49.2228410485488,59.7463753555051,44.0903946511405,62.5312861219864,78.4321189727536,46.4524526458781,64.5586438403602,53.6941687790699,62.9554845759298,47.2753890431653,62.9142507945446,72.1345022900416,103.582968333695,29.131014539528,55.431805087992,45.6904424369369,42.932275819276,37.3142053766476,58.0727311568135
139,20.5833333333333,73.9628751385648,61.5725401588867,157.332540510859,45.7773877109846,74.1080462703207,41.941388218933,60.3910799851169,124.829753473698,65.6047897333476,45.5790404251571,60.3573962988529,78.2512457501304,82.5556184947089,62.7558627076614,119.484787252473,49.2845623381078,53.9534975934579,50.390952671391,62.8644490979999,42.015771853392,64.6706046430185,88.2741648864872,49.5871481231254,75.3338212838509,54.1214492809331,64.9091215860874,46.9154044134046,62.9906269349478,72.5510060346792,102.558010803289,32.9148156992763,60.1805525403195,43.6975409374277,45.018862114543,36.7987770102483,76.4383866040298
140,20.6666666666667,70.7091456981822,54.2599583491734,126.921035689987,46.9614767371648,78.6563344806542,42.5976425431691,61.9267306628311,121.998697202002,64.7881079270872,46.0556713121964,66.8298570494105,73.0086642245152,91.4326246030069,61.2326190377,116.349421858594,43.2992971272034,51.4570519387043,49.8997863268199,60.4592609899411,44.3861619924233,60.3146815262769,78.4616430821163,42.7167295092607,61.8608716861791,55.0868072672113,65.1549592322809,48.3515679280386,59.700984693608,64.5740718129144,91.0862685923841,27.2129744152832,52.9609612439796,43.3397515390033,46.8569287239158,35.4560204048374,60.3512708203709
141,20.75,73.8403524711051,57.6323548978246,141.428891826758,48.3778086685215,86.2930586502833,44.6216255854437,62.852938173966,119.087689844527,68.0341559082017,49.7980082648387,59.85380967371,76.3268641347449,93.9335763956667,62.3208345092597,118.053714954607,44.7044731177055,51.7493162716572,50.3765622416699,63.8346734587815,46.4202838734448,65.5256992884852,83.4424235782429,44.8092982728301,66.283524848157,57.8294875477947,69.4911455279737,50.9746154776806,67.2107089250559,73.9466244163343,99.9202744326893,28.5376445050396,51.8921926508582,44.1311167000162,44.388184150578,41.2935045991809,57.4136671884446
142,20.8333333333333,67.4418252868815,52.708756504676,131.92487758552,43.6113906745393,77.8493065700097,38.9870386781213,55.3316584384369,112.440124816364,63.786856522494,44.6895235686043,56.8197088422797,73.4341186619177,80.2968967070848,59.3766571307912,115.425934644331,42.8296671228686,50.0945315243745,46.7825235205849,58.6258791407136,41.5658486099619,61.0260836567413,81.6628578819961,43.0970052870316,63.2536434709967,53.4112226634076,63.3117251862536,45.0767673068025,61.5690368022192,66.7791811327262,92.2495348278531,27.1296423421548,48.944782217292,42.5043608695618,43.1373246118109,36.2360328520994,59.9130909740518
143,20.9166666666667,78.4096792114651,51.8966176836482,127.212961797205,43.5184169167331,101.452409746963,36.5716157500395,56.175604728532,129.790669619938,65.5692088226191,44.6912362741213,53.7696591191328,61.5400009671489,82.2620734584727,58.4877600354361,127.771191382726,41.1765768112443,46.1682131097799,42.833520646588,56.1216676356622,41.8301246362043,62.1399638125871,74.8954572396135,41.7859952048717,61.2062833894217,52.8624399964902,67.4611877622069,45.2249367662458,66.1014960352227,74.7377959528667,91.9847812255812,23.0546898731745,42.9399606605919,39.6816839254172,41.0781027972713,37.693167612845,67.335248794318
144,21.0,66.4287145293527,58.3200581093871,131.575681753944,46.9720090400655,77.9207250742093,41.5672266033171,58.8108664101416,112.48179281133,65.7744885747819,50.494631303929,61.3022574840575,70.871327591924,84.7551021057576,61.8960486539804,126.317952456695,44.3976629125274,49.5738931788991,47.1504693748533,62.0318930909442,45.6306164937034,63.1705192861541,81.993713587038,43.3993777954658,63.5076766886942,53.5502570690166,66.6894112462297,49.172697512362,62.5462177173681,71.6645519568384,97.8952334931692,26.0010621701409,51.5287195624219,42.5873545852843,43.643319127692,39.2371895606053,62.6746305547688
145,21.0833333333333,66.2850740632486,56.9631258134871,130.54872479612,48.1412034042138,79.459959448229,43.3108935160377,56.6358189934505,116.614561704498,65.3168911586507,46.7461208555167,63.8895482397075,75.7917691253031,81.6591679627577,64.1459577686071,113.508251110149,43.6792556018007,52.3944776770627,49.7324350859002,62.0889031636629,43.0712787011946,62.1217775728573,80.1287479362934,43.0841983215382,62.1200066414185,55.3361356350589,66.4959270647618,47.0612034694194,61.2647313847532,70.5605787320352,96.9114812084052,27.6652897364984,51.9450754898053,43.207335476758,44.6977118218387,34.5002017699946,60.7428357685784
146,21.1666666666667,68.865297851846,54.6929367781825,144.920093546089,48.9007711030024,82.2762775245816,42.1108756061694,56.1230285596312,114.267087176454,63.0870339119573,48.9567092664638,62.4186918351148,70.2364886726833,86.1327054254602,65.267677235812,121.505828318097,43.5660207689225,53.7631991873203,50.9509291954872,60.8442927111869,44.677509341991,60.758102420388,78.5075384824171,43.5322381949146,65.8839972852882,56.4718085801541,66.1842524218364,47.9822205652465,61.9279140002827,72.2836006579217,98.9691890045808,29.2474879097089,52.4258361489586,43.974186718245,45.0572612707893,38.3310519323781,58.284351002518
147,21.25,74.5909706023,58.3683468364133,135.939038725193,46.9308177130191,86.4558256085963,43.3756772418459,62.6615555995107,125.875384157192,64.9667918046795,50.4503352775388,63.1720893169455,77.5977844958771,82.3134146578689,65.1584529217394,119.366808358735,44.4557204213921,50.8700727577611,49.7466829024928,62.3284352433298,46.3172760849925,62.1510693014231,82.3822635529906,44.7233337937374,70.3508846309414,57.1535478588079,67.8573151384831,49.0890609869227,64.5290576538485,68.2296009218055,91.5353184977471,28.9944257713515,53.9907875575704,45.945074489734,46.4430588824843,40.5572967168423,65.9841025843221
148,21.3333333333333,71.7425773704428,55.3876211548259,135.24355428839,44.8160136347806,95.4094975250111,37.7196365562065,56.0724575670652,117.421889136258,61.1271657637941,43.7801567456717,60.8951819098838,74.2334799421123,88.120490276473,56.8545576821417,114.418169227291,43.1185580680673,53.4307404577139,47.955823460696,58.0808018452271,43.9013866323368,58.8005452244813,75.7985457431779,42.1071492398999,65.193963053238,53.2324889845393,64.0865739938386,48.4215404849589,60.2832844474128,65.8764778982812,90.165922153296,25.7720845405766,54.2754372528836,43.5511814623857,42.4479346625829,39.3144472167687,67.5565622091191
149,21.4166666666667,86.0996160903721,58.6039061032859,168.249135580769,50.8000206816269,90.5663344132558,39.5288327857626,71.409707382944,146.16346825231,64.0983280988304,49.8171022974741,57.1977164431783,72.9888026702184,90.6579375802875,68.2574116885148,126.965990853818,44.7905066331251,54.644908858882,52.2159381338655,66.5449142598264,44.0563200400012,63.1094168011731,85.6091480341848,42.2827779466693,70.6317157155847,57.9480385262708,71.422601595766,46.6898563371053,65.7249188373627,77.6301223144623,103.845772518069,29.9820430759708,53.9551586653049,46.4543591132317,46.3707319252667,39.6504329221582,82.2804464218588
150,21.5,70.3209044047155,53.5103615057031,142.726202131841,45.297442419871,84.2137612131936,40.6595557771462,59.3341120528887,123.567646523582,66.0788353374506,47.5382826703615,63.0354090971149,78.3504357303255,90.6509804887063,54.5636213851987,122.432089422297,43.0898389217438,51.2532056612355,47.2600722955488,58.2047086505782,43.9397413555089,63.1548029281195,78.3267874491992,41.6997984159243,66.5887333844061,54.6815659557417,66.0192384790149,50.463909141165,65.2010975039687,75.0470746037826,97.8985755749914,25.3401734723302,54.6063370143265,45.3627147014942,44.8069393805919,40.6919012912488,65.913821471747
151,21.5833333333333,61.0471004701026,47.0965201816609,153.905222109929,41.5512858743712,67.9475781609257,38.1517802241141,52.9432231256717,103.355185597547,65.2203201156197,41.0621166214731,46.666646236086,64.6809123574075,85.9132295992056,66.1641066077434,102.310764288723,36.2869310165554,49.9880902579748,44.0772328201908,54.4229525744809,39.6154632379401,62.6133439516038,82.304439576716,37.5352560267304,62.2436646951724,49.7573887178706,59.4510196684299,45.2538312894182,63.6303100662889,55.5733639539764,94.9893286365148,26.927303865871,54.6718794656875,40.5686927708112,42.199012882251,33.3098226302285,51.4439867541268
152,21.6666666666667,67.6128266933825,53.2124140694816,136.45402366825,43.5107088990542,78.6995722026877,39.5171472548037,57.0203805739185,115.762540684626,68.6932260140101,46.136598866105,57.8018204107176,71.1171226617367,82.3142293456074,62.5767091410479,116.739551215136,42.430868754226,48.2611638627042,46.9270079427769,58.7742255949638,42.4620853343288,65.7066919726616,75.434176174703,43.3520800584649,62.9042828495927,53.2939984369476,64.3174032954317,47.2853317835528,65.3884257832024,70.8472112536292,100.356552730439,28.4516774268982,51.7867090329332,41.8776473523759,43.8575219812367,36.1396119639222,61.0747334678986
153,21.75,67.6570354863557,58.0045826872447,146.011715917421,44.1776877718313,82.125177872114,38.5830317508191,52.977902294824,112.477557673583,65.4019470946555,43.650623047405,59.3178477641663,78.4524999774945,80.6413414484173,64.0782950730816,127.464094743516,40.7179208810507,53.5987110469162,47.9549887206619,61.1437338537032,41.8497797194999,61.8445490566633,89.1272110350399,40.9217126218857,66.0678258281254,55.0236857838087,68.4294872616888,46.0792590064342,63.8230062932661,80.0715282577451,108.973908137892,30.2291749753017,56.5658056601725,38.5727941058754,43.8266298073397,35.653888869123,61.5224568976007
154,21.8333333333333,69.3651553199825,53.5864633813542,131.385188518504,43.5993534695651,80.3851463896332,40.3822642921108,57.2058944781685,117.778666359398,64.8509767539058,44.9830530003039,60.6735522088777,67.9500205767743,80.9038123947202,60.2014654511939,120.256598292505,42.7133909996251,50.8840734743237,46.6794498792805,56.4557140997477,40.8843876776785,61.9658761197914,77.5755062234147,43.1918223048043,65.8516118375382,52.7961468852641,63.3000967572711,45.6968710495996,63.6026344187557,75.5727057271881,94.4838010808562,27.4230321044957,53.1167347292094,44.0066616590063,43.1438630148687,34.7723311033463,64.0963913589568
155,21.9166666666667,64.8456123847066,57.1731497828615,135.956632459724,44.8239740985458,78.2843445479901,39.9061672270227,51.7313687297826,102.706486425636,62.3898372420172,45.3539669778238,59.3996985262056,70.4813155712355,83.0363835404113,58.6285212080687,118.323477544648,43.9154122912584,50.1666962683849,47.4077137546568,59.5811547372923,41.7362752130649,60.1685230018251,74.9146487145043,43.5595476900743,64.343642037283,52.5405521512963,64.0921800963278,46.7648934429739,59.9487178149117,66.0910180394497,99.0823272312143,29.0702509923214,55.2280938462579,44.5221915585602,43.9586778540884,35.0659521548345,56.6706672334534
