,corr,exp,surid
0,-0.06466956200254938,Breakspear,0
1,-0.0041858837128634354,Brainsmash,0
2,-0.05387230798140949,Breakspear,1
3,0.0035402409025592847,Brainsmash,1
4,0.0007043900669446261,Breakspear,2
5,-0.04049980127877936,Brainsmash,2
6,-0.05685161208414862,Breakspear,3
7,0.10976108202222801,Brainsmash,3
8,-0.11337226869366149,Breakspear,4
9,0.07797000294538196,Brainsmash,4
10,-0.032981924564531716,Breakspear,5
11,-0.016115910863760533,Brainsmash,5
12,0.003627299282295908,Breakspear,6
13,0.07473034937398058,Brainsmash,6
14,-0.18702912692968193,Breakspear,7
15,0.06667227319075136,Brainsmash,7
16,-0.20807214405956853,Breakspear,8
17,0.008954179708334878,Brainsmash,8
18,0.04928104113103655,Breakspear,9
19,0.11064701330638628,Brainsmash,9
20,0.006945613514141382,Breakspear,10
21,0.01422091264870025,Brainsmash,10
22,-0.0535530117735583,Breakspear,11
23,0.0023800391136896675,Brainsmash,11
24,-0.036658851246449665,Breakspear,12
25,0.005466028127527193,Brainsmash,12
26,-0.06554729483249272,Breakspear,13
27,0.03146156999005625,Brainsmash,13
28,0.03391027544721703,Breakspear,14
29,0.057959151701007766,Brainsmash,14
30,0.07207173780459109,Breakspear,15
31,0.08002390493298993,Brainsmash,15
32,0.05068772641094212,Breakspear,16
33,-0.06085769958221301,Brainsmash,16
34,-0.15710416125476073,Breakspear,17
35,-0.0689120082685316,Brainsmash,17
36,-0.18044354705486673,Breakspear,18
37,0.1091844576698169,Brainsmash,18
38,0.22343979412024959,Breakspear,19
39,-0.048093366896059045,Brainsmash,19
40,-0.12769043434489305,Breakspear,20
41,-0.02851364839786991,Brainsmash,20
42,-0.14107106903519626,Breakspear,21
43,-0.0828747910592781,Brainsmash,21
44,0.14655613145042648,Breakspear,22
45,0.15139113755305486,Brainsmash,22
46,-0.16705314830294699,Breakspear,23
47,-0.031156356148881067,Brainsmash,23
48,-0.14185108235886643,Breakspear,24
49,0.04135161873470054,Brainsmash,24
50,-0.0002054638990679475,Breakspear,25
51,0.08223501213310017,Brainsmash,25
52,-0.18890273251925888,Breakspear,26
53,0.07756815344525624,Brainsmash,26
54,-0.004265798945068896,Breakspear,27
55,-0.12293277715312281,Brainsmash,27
56,0.13158014427417747,Breakspear,28
57,0.013000606355588775,Brainsmash,28
58,0.04659421685537233,Breakspear,29
59,-0.052184875726719926,Brainsmash,29
60,0.021065921753910283,Breakspear,30
61,-0.015339913203607619,Brainsmash,30
62,0.0006433391041697777,Breakspear,31
63,0.1187762808059742,Brainsmash,31
64,-0.10843273688155856,Breakspear,32
65,-0.12601992845164323,Brainsmash,32
66,-0.09079861081782653,Breakspear,33
67,0.04496220856252955,Brainsmash,33
68,-0.12890968653148224,Breakspear,34
69,-0.0005725081482485242,Brainsmash,34
70,0.466095607637549,Breakspear,35
71,-0.006849218336458501,Brainsmash,35
72,-0.005912916906365233,Breakspear,36
73,-0.10474211003207864,Brainsmash,36
74,0.2584481381084245,Breakspear,37
75,-0.049340942863799725,Brainsmash,37
76,0.05050027726242385,Breakspear,38
77,0.04783236909276494,Brainsmash,38
78,0.3113514188821411,Breakspear,39
79,0.07080610056877366,Brainsmash,39
80,-0.06890978432407578,Breakspear,40
81,-0.00021063490224552603,Brainsmash,40
82,0.14435110056537157,Breakspear,41
83,-0.13609394568385624,Brainsmash,41
84,-0.0006779712849164782,Breakspear,42
85,0.0871588616143077,Brainsmash,42
86,-0.2042077709882912,Breakspear,43
87,0.03811361554724374,Brainsmash,43
88,-0.061790014345792156,Breakspear,44
89,-0.07824146164605603,Brainsmash,44
90,-0.005021230576348664,Breakspear,45
91,0.023308207518566437,Brainsmash,45
92,-0.1341526250046775,Breakspear,46
93,-0.05945605033685394,Brainsmash,46
94,-0.1700035428306583,Breakspear,47
95,0.001379951674467551,Brainsmash,47
96,0.2287374528389831,Breakspear,48
97,-0.01501316463329583,Brainsmash,48
98,-0.13184222471221113,Breakspear,49
99,-0.040655837599600494,Brainsmash,49
100,-0.10534650938990989,Breakspear,50
101,-0.01541075786353769,Brainsmash,50
102,-0.18537306228452752,Breakspear,51
103,-0.06407777307764001,Brainsmash,51
104,-0.05827519540777567,Breakspear,52
105,0.04084419481449568,Brainsmash,52
106,-0.15853551397538743,Breakspear,53
107,0.01646743346151532,Brainsmash,53
108,0.026484598980522862,Breakspear,54
109,0.04039057739832092,Brainsmash,54
110,0.02971141605024223,Breakspear,55
111,0.13261760431370243,Brainsmash,55
112,0.3170389059688441,Breakspear,56
113,0.06579986385581572,Brainsmash,56
114,-0.12850448885995377,Breakspear,57
115,-0.07096060101642962,Brainsmash,57
116,-0.1948736612537548,Breakspear,58
117,-0.14381533164885135,Brainsmash,58
118,-0.0184076511024775,Breakspear,59
119,-0.08106870296165404,Brainsmash,59
120,0.07113498863765828,Breakspear,60
121,-0.04720532414418158,Brainsmash,60
122,-0.12055765360601806,Breakspear,61
123,-0.03598695189245987,Brainsmash,61
124,-0.15557773834742233,Breakspear,62
125,-0.1371889405257242,Brainsmash,62
126,-0.03931173981365157,Breakspear,63
127,0.007106650898548921,Brainsmash,63
128,0.3228849440410649,Breakspear,64
129,0.10549738647295201,Brainsmash,64
130,-0.08599577055242986,Breakspear,65
131,0.04344653641143335,Brainsmash,65
132,0.022744081725470836,Breakspear,66
133,0.012853568428383306,Brainsmash,66
134,-0.1073294312987594,Breakspear,67
135,0.028374529773077684,Brainsmash,67
136,-0.015383860089028506,Breakspear,68
137,-0.025025510923994562,Brainsmash,68
138,-0.06626577999469399,Breakspear,69
139,0.00953509162364762,Brainsmash,69
140,-0.11964498452337322,Breakspear,70
141,0.06859102134101921,Brainsmash,70
142,0.04877097263384292,Breakspear,71
143,0.03892598149436622,Brainsmash,71
144,0.1928535520321952,Breakspear,72
145,0.06120227388598846,Brainsmash,72
146,0.12456874248641468,Breakspear,73
147,0.10095781002960834,Brainsmash,73
148,-0.013209305531865641,Breakspear,74
149,-0.08093830918174785,Brainsmash,74
150,0.14995787229123803,Breakspear,75
151,0.165364458656153,Brainsmash,75
152,-0.004107038281605071,Breakspear,76
153,-0.1178050693598278,Brainsmash,76
154,-0.1983467392036709,Breakspear,77
155,0.03410403164947799,Brainsmash,77
156,-0.1223260948800182,Breakspear,78
157,-0.046861300405949394,Brainsmash,78
158,0.14715967552535264,Breakspear,79
159,0.012685111408661078,Brainsmash,79
160,-0.04485344100043444,Breakspear,80
161,-0.2098349331522465,Brainsmash,80
162,-0.11369005241439506,Breakspear,81
163,0.09423171681239904,Brainsmash,81
164,0.010109370815597119,Breakspear,82
165,-0.07186876280870945,Brainsmash,82
166,0.03578982847747218,Breakspear,83
167,0.12915548726369402,Brainsmash,83
168,0.03464183735207773,Breakspear,84
169,-0.08751369908475817,Brainsmash,84
170,0.10247338384415068,Breakspear,85
171,-0.16111442832311754,Brainsmash,85
172,0.4466575137869099,Breakspear,86
173,0.03131634635399284,Brainsmash,86
174,-0.0609258772974113,Breakspear,87
175,0.02812350786083245,Brainsmash,87
176,-0.1884497719239552,Breakspear,88
177,-0.017111391812081718,Brainsmash,88
178,0.27425945357815223,Breakspear,89
179,0.05104542801507429,Brainsmash,89
180,-0.005188790989660388,Breakspear,90
181,-0.01962175470701745,Brainsmash,90
182,-0.2022508289293739,Breakspear,91
183,-0.1464567814549416,Brainsmash,91
184,-0.08175357831059282,Breakspear,92
185,0.03675355466532318,Brainsmash,92
186,0.04848435920078509,Breakspear,93
187,0.029430373085893632,Brainsmash,93
188,-0.06605419035141022,Breakspear,94
189,0.10989923622372523,Brainsmash,94
190,-0.04829641008977155,Breakspear,95
191,0.027476503108984043,Brainsmash,95
192,-0.035355134088128765,Breakspear,96
193,0.1283507716392411,Brainsmash,96
194,-0.09582068536408134,Breakspear,97
195,0.01991130821109165,Brainsmash,97
196,0.17737093186687558,Breakspear,98
197,0.061159522646519485,Brainsmash,98
198,-0.15288373888930515,Breakspear,99
199,0.0370690811101347,Brainsmash,99
200,0.07085988438682772,Breakspear,100
201,-0.15496084183024716,Brainsmash,100
202,0.09207233357141861,Breakspear,101
203,0.06418809542589679,Brainsmash,101
204,-0.20053429866704625,Breakspear,102
205,0.12047614136428372,Brainsmash,102
206,-0.17510483229972615,Breakspear,103
207,0.0008351758156187148,Brainsmash,103
208,-0.06355467093298986,Breakspear,104
209,0.015372189553302272,Brainsmash,104
210,0.02761671805143273,Breakspear,105
211,0.11147800006595582,Brainsmash,105
212,0.4756227570790301,Breakspear,106
213,0.05005781388811996,Brainsmash,106
214,-0.08307703809891942,Breakspear,107
215,-0.058572218008526085,Brainsmash,107
216,-0.14239912282193845,Breakspear,108
217,0.0059250871999134355,Brainsmash,108
218,-0.09152584021681075,Breakspear,109
219,-0.09396284957591411,Brainsmash,109
220,0.14826026353687008,Breakspear,110
221,0.01640819508660755,Brainsmash,110
222,-0.13139684857443903,Breakspear,111
223,0.03449354683117807,Brainsmash,111
224,-0.025301574797806405,Breakspear,112
225,0.12493840057144283,Brainsmash,112
226,-0.14641926948502795,Breakspear,113
227,0.033660713983456714,Brainsmash,113
228,0.17631472790342337,Breakspear,114
229,-0.042090153793182164,Brainsmash,114
230,0.09804735321486345,Breakspear,115
231,-0.011355106459613736,Brainsmash,115
232,0.15587345668145705,Breakspear,116
233,0.0899974778301096,Brainsmash,116
234,-0.18199344861490818,Breakspear,117
235,0.009895917287752794,Brainsmash,117
236,-0.10597063920448414,Breakspear,118
237,-0.06796018892508454,Brainsmash,118
238,-0.15344121677440484,Breakspear,119
239,0.009561265914955427,Brainsmash,119
240,-0.1626803022920255,Breakspear,120
241,0.12684141025179987,Brainsmash,120
242,0.2400441533524194,Breakspear,121
243,-0.03658897498660417,Brainsmash,121
244,0.09867600194299533,Breakspear,122
245,-0.09590651858849597,Brainsmash,122
246,0.08842108090588462,Breakspear,123
247,0.04391182784057405,Brainsmash,123
248,-0.11157567090520233,Breakspear,124
249,-0.055800768635217664,Brainsmash,124
250,-0.20473963061913494,Breakspear,125
251,0.07142428032368046,Brainsmash,125
252,-0.22494468485487926,Breakspear,126
253,0.024165115586249966,Brainsmash,126
254,-0.16110724761726497,Breakspear,127
255,-0.06341730970713821,Brainsmash,127
256,0.177721533901502,Breakspear,128
257,-0.0710033282314669,Brainsmash,128
258,-0.10932753380663482,Breakspear,129
259,0.021369620963637575,Brainsmash,129
260,-0.13646041196128075,Breakspear,130
261,0.12874424840836407,Brainsmash,130
262,-0.16322660372200012,Breakspear,131
263,0.026829088880698394,Brainsmash,131
264,-0.0004167332131719367,Breakspear,132
265,-0.05162310656298846,Brainsmash,132
266,-0.03020355843295225,Breakspear,133
267,-0.025535581724022153,Brainsmash,133
268,0.27502231217852247,Breakspear,134
269,0.0493879142260629,Brainsmash,134
270,-0.19718017850601863,Breakspear,135
271,0.06375414884514694,Brainsmash,135
272,0.22010685047072331,Breakspear,136
273,-0.04876404891713814,Brainsmash,136
274,-0.09454438770494036,Breakspear,137
275,-0.025064149355803634,Brainsmash,137
276,0.14627353941964974,Breakspear,138
277,0.1094813853187311,Brainsmash,138
278,0.02382976785811047,Breakspear,139
279,0.08232915020884608,Brainsmash,139
280,0.13713492170337727,Breakspear,140
281,0.08928960990067808,Brainsmash,140
282,-0.04696340371275028,Breakspear,141
283,-0.03737547583472152,Brainsmash,141
284,0.22666772127295426,Breakspear,142
285,0.009948253713570115,Brainsmash,142
286,-0.08992812808016226,Breakspear,143
287,0.015462663522413456,Brainsmash,143
288,-0.14449770674520085,Breakspear,144
289,-0.082278438910006,Brainsmash,144
290,-0.18506822901461475,Breakspear,145
291,-0.11730290718574006,Brainsmash,145
292,-0.15116209852465193,Breakspear,146
293,0.10042946863156756,Brainsmash,146
294,0.23115135628855654,Breakspear,147
295,-0.04839876352597505,Brainsmash,147
296,-0.099166161702883,Breakspear,148
297,-0.042153343669383746,Brainsmash,148
298,0.3425635671159242,Breakspear,149
299,0.09063461395739793,Brainsmash,149
300,0.18904984870225047,Breakspear,150
301,-0.09350590804632596,Brainsmash,150
302,-0.19685710846963755,Breakspear,151
303,0.1118028418381485,Brainsmash,151
304,-0.007096733172883636,Breakspear,152
305,0.02084872655765683,Brainsmash,152
306,-0.19995902458667905,Breakspear,153
307,0.04023953836872427,Brainsmash,153
308,-0.1822656934412596,Breakspear,154
309,-0.060610138101175666,Brainsmash,154
310,0.01298220426613731,Breakspear,155
311,0.007753289395723332,Brainsmash,155
312,0.051842035965552716,Breakspear,156
313,0.0454088229210822,Brainsmash,156
314,0.22602927257986882,Breakspear,157
315,-0.02054941883524047,Brainsmash,157
316,0.03293653487311597,Breakspear,158
317,0.0390505413199024,Brainsmash,158
318,-0.14480346652849596,Breakspear,159
319,0.006505699172822536,Brainsmash,159
320,0.03874030098201599,Breakspear,160
321,0.028542992384906905,Brainsmash,160
322,-0.21743450716737897,Breakspear,161
323,-0.06630296244318006,Brainsmash,161
324,0.24015175341025286,Breakspear,162
325,-0.0862817810694424,Brainsmash,162
326,-0.16434171166677378,Breakspear,163
327,-0.025102754164747932,Brainsmash,163
328,0.3474775860529201,Breakspear,164
329,0.018325874567550162,Brainsmash,164
330,-0.14845218456548576,Breakspear,165
331,0.03806146968777149,Brainsmash,165
332,0.24430491941080998,Breakspear,166
333,0.07616091914613378,Brainsmash,166
334,-0.14452441808397515,Breakspear,167
335,-0.17871976593004738,Brainsmash,167
336,-0.15135926486663429,Breakspear,168
337,0.07973353882998455,Brainsmash,168
338,-0.11006454357944238,Breakspear,169
339,-0.008258136506368146,Brainsmash,169
340,-0.07721786228389341,Breakspear,170
341,0.0006790898592307074,Brainsmash,170
342,-0.13851208355197367,Breakspear,171
343,0.02828677282990348,Brainsmash,171
344,-0.12407422066995287,Breakspear,172
345,-0.02725820092718565,Brainsmash,172
346,-0.007548594797478858,Breakspear,173
347,-0.012534948355905746,Brainsmash,173
348,0.06908934350225404,Breakspear,174
349,-0.0505868487193808,Brainsmash,174
350,-0.21099464066560114,Breakspear,175
351,0.0066133409531354045,Brainsmash,175
352,-0.16509492584452984,Breakspear,176
353,0.013174056687233296,Brainsmash,176
354,0.4445163865861377,Breakspear,177
355,-0.0056973322685134045,Brainsmash,177
356,0.11629634900895035,Breakspear,178
357,-0.015312099374500295,Brainsmash,178
358,-0.18166562143915382,Breakspear,179
359,-0.18204321160077186,Brainsmash,179
360,-0.18770511374458135,Breakspear,180
361,0.015248827301877165,Brainsmash,180
362,-0.14986563331145972,Breakspear,181
363,0.014948957936703951,Brainsmash,181
364,-0.052995681350955844,Breakspear,182
365,-0.0723585856201692,Brainsmash,182
366,-0.10533704151090832,Breakspear,183
367,0.013055201852484176,Brainsmash,183
368,0.14497269808310462,Breakspear,184
369,-0.01117532098512888,Brainsmash,184
370,0.24423623299756747,Breakspear,185
371,0.04888115509398105,Brainsmash,185
372,0.34027463800083796,Breakspear,186
373,-0.012938797698257254,Brainsmash,186
374,0.03446557935489069,Breakspear,187
375,-0.116717378806444,Brainsmash,187
376,0.20379599526873549,Breakspear,188
377,-0.08775828448461212,Brainsmash,188
378,0.3481624653382546,Breakspear,189
379,0.05987701855311115,Brainsmash,189
380,-0.19258517188122248,Breakspear,190
381,-0.0141984738808388,Brainsmash,190
382,0.10471920177219554,Breakspear,191
383,0.10580114858696692,Brainsmash,191
384,0.03265755590355765,Breakspear,192
385,0.06173615748061729,Brainsmash,192
386,0.025505838796039657,Breakspear,193
387,-0.05993853646396481,Brainsmash,193
388,-0.06445780284351918,Breakspear,194
389,0.034226010214038954,Brainsmash,194
390,-0.030166579423461334,Breakspear,195
391,-0.006355618414140027,Brainsmash,195
392,0.17289441219918664,Breakspear,196
393,0.010478436957643016,Brainsmash,196
394,0.13954568841667223,Breakspear,197
395,-0.0050530100445215,Brainsmash,197
396,-0.0447748222204852,Breakspear,198
397,-0.05267472251872373,Brainsmash,198
398,0.03355279050011203,Breakspear,199
399,-0.11115253340041073,Brainsmash,199
400,-0.17188916583976852,Breakspear,200
401,0.010949612316889595,Brainsmash,200
402,-0.14823285021529647,Breakspear,201
403,0.04779773961433368,Brainsmash,201
404,0.1575751601539873,Breakspear,202
405,-0.06980695750008464,Brainsmash,202
406,0.16286469401710163,Breakspear,203
407,0.009049183979533373,Brainsmash,203
408,-0.12201491299423928,Breakspear,204
409,-0.03325031921026978,Brainsmash,204
410,-0.08390722723352569,Breakspear,205
411,0.025588816755205163,Brainsmash,205
412,-0.09558595049538854,Breakspear,206
413,-0.05415045192566748,Brainsmash,206
414,-0.22731513811455314,Breakspear,207
415,0.08224211308656226,Brainsmash,207
416,-0.14386176588600577,Breakspear,208
417,0.038011911406215834,Brainsmash,208
418,-0.16683375481861182,Breakspear,209
419,0.07973155552610474,Brainsmash,209
420,0.16764565778518103,Breakspear,210
421,0.03687140623809295,Brainsmash,210
422,-0.10307934155133762,Breakspear,211
423,0.03956376325994204,Brainsmash,211
424,-0.18970767079280984,Breakspear,212
425,-0.08458421504346177,Brainsmash,212
426,-0.01660663723199596,Breakspear,213
427,-0.05765180945192274,Brainsmash,213
428,-0.12854304235091993,Breakspear,214
429,-0.055321143101089765,Brainsmash,214
430,-0.08967783440037064,Breakspear,215
431,0.010882087656341707,Brainsmash,215
432,-0.06133322014388266,Breakspear,216
433,-0.05428856777605633,Brainsmash,216
434,-0.17354677201481566,Breakspear,217
435,0.07574755984618614,Brainsmash,217
436,-0.09661124784033828,Breakspear,218
437,-0.052938754062323415,Brainsmash,218
438,-0.01686814468873738,Breakspear,219
439,-0.06813183900107471,Brainsmash,219
440,-0.1506270745244542,Breakspear,220
441,-0.015960259791977648,Brainsmash,220
442,-0.18027853290014775,Breakspear,221
443,0.04521852220900508,Brainsmash,221
444,0.1375011240236724,Breakspear,222
445,0.030260476936938657,Brainsmash,222
446,-0.06543594644399499,Breakspear,223
447,0.15967938147346783,Brainsmash,223
448,-0.20132908360312057,Breakspear,224
449,-0.12333333470720818,Brainsmash,224
450,-0.17442955267694932,Breakspear,225
451,0.05194579438777904,Brainsmash,225
452,0.1491113425132083,Breakspear,226
453,-0.11021734650701458,Brainsmash,226
454,-0.016427419195422538,Breakspear,227
455,0.0016253205489437485,Brainsmash,227
456,0.4092690012537751,Breakspear,228
457,-0.09998280793491886,Brainsmash,228
458,0.24829799908632438,Breakspear,229
459,-0.06913618188792275,Brainsmash,229
460,0.18927221735221983,Breakspear,230
461,0.035412075988740375,Brainsmash,230
462,0.10905701085709327,Breakspear,231
463,0.028036859957259058,Brainsmash,231
464,0.015621081638901949,Breakspear,232
465,0.008941273258674703,Brainsmash,232
466,-0.12497670819604303,Breakspear,233
467,-0.15465525189576307,Brainsmash,233
468,-0.17802053164209494,Breakspear,234
469,-0.013904983002931682,Brainsmash,234
470,0.01564848343964688,Breakspear,235
471,0.025864308980010003,Brainsmash,235
472,-0.03187917321072003,Breakspear,236
473,-0.0018264491749820431,Brainsmash,236
474,-0.14649017284805724,Breakspear,237
475,-0.006935613404150159,Brainsmash,237
476,-0.11017716891710155,Breakspear,238
477,-0.07052237669137247,Brainsmash,238
478,-0.14488200777966018,Breakspear,239
479,-0.039118780683639505,Brainsmash,239
480,-0.20334896372801425,Breakspear,240
481,-0.031368281539882185,Brainsmash,240
482,0.03564505018178907,Breakspear,241
483,0.04217557639998465,Brainsmash,241
484,-0.20913821437208405,Breakspear,242
485,0.15046522138680116,Brainsmash,242
486,-0.052053004462791576,Breakspear,243
487,-0.11260543494997645,Brainsmash,243
488,-0.03457664101572294,Breakspear,244
489,-0.031023076605568682,Brainsmash,244
490,-0.13151690902540095,Breakspear,245
491,-0.0026474003814799733,Brainsmash,245
492,0.1464027227562529,Breakspear,246
493,0.05839011490929767,Brainsmash,246
494,-0.10122750019313194,Breakspear,247
495,-0.05007028310619642,Brainsmash,247
496,-0.03238757383186567,Breakspear,248
497,-0.04274659514001476,Brainsmash,248
498,-0.15866633537899635,Breakspear,249
499,0.08485425655220118,Brainsmash,249
500,-0.19108939816261866,Breakspear,250
501,-0.031080843157487627,Brainsmash,250
502,0.5177163492530017,Breakspear,251
503,0.05461842273842693,Brainsmash,251
504,-0.16691554175677153,Breakspear,252
505,-0.013163263392536508,Brainsmash,252
506,-0.17137312608145067,Breakspear,253
507,-0.00975089117231851,Brainsmash,253
508,0.14500999266843478,Breakspear,254
509,0.0009301193623227001,Brainsmash,254
510,-0.004769848518468017,Breakspear,255
511,-0.06966614428488599,Brainsmash,255
512,0.03229800023128392,Breakspear,256
513,-0.0030276174660800125,Brainsmash,256
514,-0.04662159897531389,Breakspear,257
515,-0.012086124295605287,Brainsmash,257
516,-0.037016147000643276,Breakspear,258
517,-0.13399112290867948,Brainsmash,258
518,0.019208943483432758,Breakspear,259
519,0.05228477115197213,Brainsmash,259
520,-0.042101299602252645,Breakspear,260
521,0.09824325814313574,Brainsmash,260
522,-0.19570079487157588,Breakspear,261
523,-0.12500448077226073,Brainsmash,261
524,0.1317481792636223,Breakspear,262
525,0.0375143933802874,Brainsmash,262
526,0.39588558598594037,Breakspear,263
527,0.08719389325800209,Brainsmash,263
528,0.33112753502298925,Breakspear,264
529,0.03756927825336713,Brainsmash,264
530,0.3710092279686402,Breakspear,265
531,0.013510214154412318,Brainsmash,265
532,0.023779839417866905,Breakspear,266
533,-0.02237865763431611,Brainsmash,266
534,-0.21509267156311693,Breakspear,267
535,-0.003554964916449674,Brainsmash,267
536,0.18934217842323825,Breakspear,268
537,0.054597836592577546,Brainsmash,268
538,0.01581762331727802,Breakspear,269
539,0.0932886390483191,Brainsmash,269
540,0.035718237865087155,Breakspear,270
541,0.06866970043307676,Brainsmash,270
542,-0.06928549474213183,Breakspear,271
543,0.04814067211052342,Brainsmash,271
544,-0.10200205657176656,Breakspear,272
545,0.00033567132508858843,Brainsmash,272
546,-0.08321076989894857,Breakspear,273
547,-0.018055990486791698,Brainsmash,273
548,0.030551845050877685,Breakspear,274
549,0.07339869675427606,Brainsmash,274
550,-0.09986624582511346,Breakspear,275
551,0.05880307186904578,Brainsmash,275
552,-0.1324110340359951,Breakspear,276
553,-0.00557701338814547,Brainsmash,276
554,0.2610948162858419,Breakspear,277
555,0.08733916700731328,Brainsmash,277
556,-0.1615028053201077,Breakspear,278
557,0.09136052424525258,Brainsmash,278
558,0.12467704747133665,Breakspear,279
559,-0.0032141598348254456,Brainsmash,279
560,0.03303504129371363,Breakspear,280
561,-0.12341386377825829,Brainsmash,280
562,0.006423414445313054,Breakspear,281
563,0.10334524910552602,Brainsmash,281
564,-0.1741170519775569,Breakspear,282
565,0.09303065672910299,Brainsmash,282
566,-0.16415274523509807,Breakspear,283
567,-0.004954499169580197,Brainsmash,283
568,-0.001199012457478798,Breakspear,284
569,-0.012200438771467495,Brainsmash,284
570,-0.13157163383265116,Breakspear,285
571,-0.023566458885037354,Brainsmash,285
572,-0.1591067426641861,Breakspear,286
573,-0.05474033168551344,Brainsmash,286
574,-0.12600941615776504,Breakspear,287
575,-0.0036280689871882738,Brainsmash,287
576,0.007881304525076389,Breakspear,288
577,-0.161640855686854,Brainsmash,288
578,0.04483449150756792,Breakspear,289
579,-0.01052036881459513,Brainsmash,289
580,-0.14787488275973407,Breakspear,290
581,-0.10714480495507091,Brainsmash,290
582,-0.06763630142518082,Breakspear,291
583,0.07723613513327116,Brainsmash,291
584,0.17637602120715218,Breakspear,292
585,-0.14589048257229154,Brainsmash,292
586,0.03934467394308132,Breakspear,293
587,-0.048115591355089554,Brainsmash,293
588,-0.15267325952795488,Breakspear,294
589,-0.026650152510922617,Brainsmash,294
590,0.1341712222195103,Breakspear,295
591,0.11607539504159169,Brainsmash,295
592,-0.09806027827652883,Breakspear,296
593,-0.08950342436431337,Brainsmash,296
594,-0.12705511932125252,Breakspear,297
595,0.019912858252947713,Brainsmash,297
596,-0.15088101201553192,Breakspear,298
597,-0.03330619516983971,Brainsmash,298
598,0.16923981206558625,Breakspear,299
599,-0.07047838964905605,Brainsmash,299
600,0.00200259882313696,Breakspear,300
601,-0.10288187691711326,Brainsmash,300
602,-0.07613649662194041,Breakspear,301
603,0.03226891053083292,Brainsmash,301
604,-0.03387768475224905,Breakspear,302
605,-0.026117001989396975,Brainsmash,302
606,0.06930809547991974,Breakspear,303
607,0.059021954495157854,Brainsmash,303
608,-0.0668822311660989,Breakspear,304
609,0.020862852447818252,Brainsmash,304
610,0.48132803867751667,Breakspear,305
611,0.15328199515664953,Brainsmash,305
612,0.11625109600972068,Breakspear,306
613,0.000919580949337499,Brainsmash,306
614,-0.05761502147631375,Breakspear,307
615,0.014640879219597223,Brainsmash,307
616,-0.02890755794498385,Breakspear,308
617,0.04372237439215911,Brainsmash,308
618,-0.0939144779828724,Breakspear,309
619,0.09563150556293395,Brainsmash,309
620,-0.1035343818742569,Breakspear,310
621,0.03421576559918269,Brainsmash,310
622,-0.11184566456016637,Breakspear,311
623,-0.09633777351802068,Brainsmash,311
624,-0.23904101942993503,Breakspear,312
625,0.012278296075431613,Brainsmash,312
626,-0.1717273477708732,Breakspear,313
627,0.030222360286271406,Brainsmash,313
628,0.36757514563570437,Breakspear,314
629,0.03771593117058174,Brainsmash,314
630,-0.09173222816943569,Breakspear,315
631,0.008058881531053027,Brainsmash,315
632,-0.12106903365495107,Breakspear,316
633,0.03595721002519899,Brainsmash,316
634,-0.17955338763541961,Breakspear,317
635,-0.062378571858721636,Brainsmash,317
636,-0.07117161383690689,Breakspear,318
637,0.003266818891159986,Brainsmash,318
638,0.10635887461359611,Breakspear,319
639,-0.00547285579933285,Brainsmash,319
640,-0.13220134816020943,Breakspear,320
641,0.10829331816930976,Brainsmash,320
642,0.24310832919050912,Breakspear,321
643,-0.05329127172021699,Brainsmash,321
644,-0.1417635520710931,Breakspear,322
645,-0.08151883743008827,Brainsmash,322
646,0.0034479006830613057,Breakspear,323
647,0.16283956090509372,Brainsmash,323
648,-0.16018065303501824,Breakspear,324
649,-0.0692177431357846,Brainsmash,324
650,0.06359188187229085,Breakspear,325
651,-0.026957509390618355,Brainsmash,325
652,-0.05064229811767529,Breakspear,326
653,-0.0673575594520568,Brainsmash,326
654,0.10628429500085192,Breakspear,327
655,-0.048776636260519486,Brainsmash,327
656,-0.21097412884757757,Breakspear,328
657,-0.039463321675153984,Brainsmash,328
658,-0.0067432742261702,Breakspear,329
659,0.07065107597291931,Brainsmash,329
660,-0.04113671589802708,Breakspear,330
661,0.08062029485621679,Brainsmash,330
662,-0.23122017306133233,Breakspear,331
663,-0.026073149502080416,Brainsmash,331
664,-0.20579766330615717,Breakspear,332
665,-0.028123669751869338,Brainsmash,332
666,0.2208930284520226,Breakspear,333
667,0.08185479179475906,Brainsmash,333
668,-0.1441027689264025,Breakspear,334
669,0.04749177606089425,Brainsmash,334
670,0.028138153057112127,Breakspear,335
671,0.07586696102678518,Brainsmash,335
672,-0.05053020459140898,Breakspear,336
673,0.06185507068881654,Brainsmash,336
674,0.2229637767612894,Breakspear,337
675,0.033987769089908956,Brainsmash,337
676,0.18544707612660466,Breakspear,338
677,0.005580822917290144,Brainsmash,338
678,-0.06427427810471116,Breakspear,339
679,0.07245481826856028,Brainsmash,339
680,0.041547003306035585,Breakspear,340
681,0.0416504462120674,Brainsmash,340
682,-0.17740117375865294,Breakspear,341
683,-0.10917355799241207,Brainsmash,341
684,-0.20195716097776784,Breakspear,342
685,-0.013985697180904439,Brainsmash,342
686,-0.030963351359094487,Breakspear,343
687,0.06800564480356164,Brainsmash,343
688,-0.10198232149824832,Breakspear,344
689,-0.061194092715118525,Brainsmash,344
690,0.07227540782213653,Breakspear,345
691,-0.001665391996493249,Brainsmash,345
692,-0.1059326130934482,Breakspear,346
693,0.0831610526142839,Brainsmash,346
694,0.16586577935436198,Breakspear,347
695,-0.008125535607076594,Brainsmash,347
696,-0.07662434584119339,Breakspear,348
697,0.06871750690354791,Brainsmash,348
698,0.09469335590793079,Breakspear,349
699,-0.03703737898591206,Brainsmash,349
700,0.3001418486933538,Breakspear,350
701,0.15716887915818792,Brainsmash,350
702,-0.042261547735682026,Breakspear,351
703,0.0007846177640489571,Brainsmash,351
704,-0.12395908589272744,Breakspear,352
705,0.08684423878651117,Brainsmash,352
706,0.04314564480943167,Breakspear,353
707,0.012675094485096402,Brainsmash,353
708,-0.016800891612220252,Breakspear,354
709,0.057209948800711424,Brainsmash,354
710,0.02633309950392386,Breakspear,355
711,0.007947277663628408,Brainsmash,355
712,-0.040193103239303314,Breakspear,356
713,-0.0036881744514829654,Brainsmash,356
714,0.09109440705554803,Breakspear,357
715,0.032289480395949234,Brainsmash,357
716,0.026790001904694417,Breakspear,358
717,0.004631144545322481,Brainsmash,358
718,-0.19286069191754435,Breakspear,359
719,-0.06607260437956769,Brainsmash,359
720,0.06734572446307116,Breakspear,360
721,0.009757198818732818,Brainsmash,360
722,0.02343386330892068,Breakspear,361
723,-0.009596094254893947,Brainsmash,361
724,-0.21139330480742238,Breakspear,362
725,0.08858628074951662,Brainsmash,362
726,0.14707629464649655,Breakspear,363
727,-0.011964398784047592,Brainsmash,363
728,0.05855927253510528,Breakspear,364
729,0.07590479348347551,Brainsmash,364
730,-0.05259829794187912,Breakspear,365
731,-0.021957300268069933,Brainsmash,365
732,0.015061551959366027,Breakspear,366
733,-0.0778942277173322,Brainsmash,366
734,0.2290692032901679,Breakspear,367
735,-0.05253758910801192,Brainsmash,367
736,-0.10943333353335587,Breakspear,368
737,0.026940200475961417,Brainsmash,368
738,-0.13046473450235532,Breakspear,369
739,0.05178336998690752,Brainsmash,369
740,-0.21790933581515842,Breakspear,370
741,0.08455195175606542,Brainsmash,370
742,-0.05784871414266691,Breakspear,371
743,-0.059544444751351254,Brainsmash,371
744,-0.0021419377637450832,Breakspear,372
745,-0.04367608746642389,Brainsmash,372
746,-0.055605401294838264,Breakspear,373
747,0.043808177823435865,Brainsmash,373
748,-0.09959957394479811,Breakspear,374
749,0.002328373751474909,Brainsmash,374
750,-0.08710058129369332,Breakspear,375
751,0.017319635165111626,Brainsmash,375
752,-0.14581643254247742,Breakspear,376
753,0.037259087169678,Brainsmash,376
754,-0.01610435878600312,Breakspear,377
755,-0.0694893079398985,Brainsmash,377
756,0.035213832072445175,Breakspear,378
757,-0.01859452440809943,Brainsmash,378
758,-0.15194743000966832,Breakspear,379
759,0.013872408017114462,Brainsmash,379
760,0.04177731342653807,Breakspear,380
761,0.06862154678021803,Brainsmash,380
762,-0.14997060452731248,Breakspear,381
763,0.18782008091517094,Brainsmash,381
764,-0.15651135484501888,Breakspear,382
765,0.07204185845981467,Brainsmash,382
766,-0.0002555705739326725,Breakspear,383
767,0.05400874182027268,Brainsmash,383
768,-0.005758485735291442,Breakspear,384
769,0.025191499904275716,Brainsmash,384
770,-0.13029984545321316,Breakspear,385
771,-0.0007116693535819031,Brainsmash,385
772,-0.0693267115587526,Breakspear,386
773,-0.0436730212559102,Brainsmash,386
774,-0.13577869074691523,Breakspear,387
775,0.1152843391977601,Brainsmash,387
776,-0.12397017228396998,Breakspear,388
777,-0.007327445580872888,Brainsmash,388
778,-0.09418816364742227,Breakspear,389
779,0.01932518901321454,Brainsmash,389
780,-0.03699865277691349,Breakspear,390
781,-0.05715033780863254,Brainsmash,390
782,-0.0710656814500074,Breakspear,391
783,-0.038100070357958496,Brainsmash,391
784,0.09201791268986195,Breakspear,392
785,-0.011183134806205992,Brainsmash,392
786,-0.1326080545726799,Breakspear,393
787,0.0835632301798722,Brainsmash,393
788,0.280525967105561,Breakspear,394
789,-0.03147658988514407,Brainsmash,394
790,-0.13417384031222515,Breakspear,395
791,-0.07558121982191965,Brainsmash,395
792,0.08541640636573007,Breakspear,396
793,-0.01931891042411207,Brainsmash,396
794,-0.11722632950412508,Breakspear,397
795,-0.10031610815714508,Brainsmash,397
796,-0.1476060392256225,Breakspear,398
797,-0.017380075528413072,Brainsmash,398
798,-0.06688607190761724,Breakspear,399
799,0.07774036366379646,Brainsmash,399
800,-0.08532795042549073,Breakspear,400
801,0.027769186482821017,Brainsmash,400
802,-0.16908987900512357,Breakspear,401
803,-0.017253754175790687,Brainsmash,401
804,-0.03460058698625839,Breakspear,402
805,-0.09626959520170981,Brainsmash,402
806,0.047987804448053194,Breakspear,403
807,-0.004109533190338589,Brainsmash,403
808,-0.07003932814532489,Breakspear,404
809,0.07007920971950628,Brainsmash,404
810,0.550044546457778,Breakspear,405
811,-0.05024319389044599,Brainsmash,405
812,-0.1256348824533841,Breakspear,406
813,-0.10686072368788783,Brainsmash,406
814,-0.168786432508082,Breakspear,407
815,-0.05315248248794524,Brainsmash,407
816,-0.024091302903455177,Breakspear,408
817,-0.060318401876437035,Brainsmash,408
818,-0.22563955725600132,Breakspear,409
819,-0.04290190182913184,Brainsmash,409
820,-0.21987916700428556,Breakspear,410
821,0.008856550008127503,Brainsmash,410
822,0.32807901412054646,Breakspear,411
823,0.050072287715756586,Brainsmash,411
824,-0.19180089288662638,Breakspear,412
825,-0.1519664483644079,Brainsmash,412
826,-0.08181859951312462,Breakspear,413
827,-0.07607811925551804,Brainsmash,413
828,-0.1354995455486857,Breakspear,414
829,0.01370229067525106,Brainsmash,414
830,0.02814938571062888,Breakspear,415
831,-0.009947041345256915,Brainsmash,415
832,-0.044861745336212816,Breakspear,416
833,0.052002479379030075,Brainsmash,416
834,-0.009396358001716565,Breakspear,417
835,0.020163679011725652,Brainsmash,417
836,-0.13837298197253906,Breakspear,418
837,0.1470271927959212,Brainsmash,418
838,0.037851730970823186,Breakspear,419
839,-0.07283069907349615,Brainsmash,419
840,0.35170463374758926,Breakspear,420
841,0.07943905401328763,Brainsmash,420
842,0.3092156378295197,Breakspear,421
843,-0.08621376907412596,Brainsmash,421
844,-0.12302444354487327,Breakspear,422
845,0.09188199812518438,Brainsmash,422
846,-0.20436893991849542,Breakspear,423
847,-0.08357560695746923,Brainsmash,423
848,-0.03824443790198006,Breakspear,424
849,-0.05176118214706378,Brainsmash,424
850,0.15399735938763096,Breakspear,425
851,0.018444015235368122,Brainsmash,425
852,-0.07787121518748705,Breakspear,426
853,-0.13093971279062055,Brainsmash,426
854,-0.1953699614450878,Breakspear,427
855,0.046883908681434494,Brainsmash,427
856,-0.009050152847049638,Breakspear,428
857,-0.04416071406606584,Brainsmash,428
858,-0.14345755137876068,Breakspear,429
859,-0.030773225310199694,Brainsmash,429
860,0.29467482337178647,Breakspear,430
861,-0.0070777555842622,Brainsmash,430
862,-0.12442435175862564,Breakspear,431
863,-0.043324520035803366,Brainsmash,431
864,-0.14481084225898397,Breakspear,432
865,-0.15717219683150038,Brainsmash,432
866,-0.03127806033598918,Breakspear,433
867,0.028280521560631055,Brainsmash,433
868,-0.15781946604677133,Breakspear,434
869,-0.10817451643120113,Brainsmash,434
870,0.08847364080212063,Breakspear,435
871,0.12767216988600105,Brainsmash,435
872,0.034385730389513536,Breakspear,436
873,0.03031671699351569,Brainsmash,436
874,-0.1679569847767775,Breakspear,437
875,0.022397104329136427,Brainsmash,437
876,0.43051427149313726,Breakspear,438
877,-0.058169631737361345,Brainsmash,438
878,0.04099667382272074,Breakspear,439
879,0.11481553984635988,Brainsmash,439
880,-0.18134882585480783,Breakspear,440
881,0.006458621244429971,Brainsmash,440
882,0.06365267302772776,Breakspear,441
883,-0.1362301882498459,Brainsmash,441
884,-0.12597875037830208,Breakspear,442
885,-0.08515905195739086,Brainsmash,442
886,-0.14752040624822216,Breakspear,443
887,0.014952255320661913,Brainsmash,443
888,-0.14415854433995812,Breakspear,444
889,0.09126882943874605,Brainsmash,444
890,-0.06859863265061314,Breakspear,445
891,0.05323524738766804,Brainsmash,445
892,-0.152024069111295,Breakspear,446
893,-0.08321678428561208,Brainsmash,446
894,-0.08932106820770053,Breakspear,447
895,0.011516999920867186,Brainsmash,447
896,-0.09139449067468314,Breakspear,448
897,0.005136001906076021,Brainsmash,448
898,-0.038742837024338256,Breakspear,449
899,-0.09765908010845942,Brainsmash,449
900,-0.029345767912011926,Breakspear,450
901,0.08759825622058538,Brainsmash,450
902,0.5161640691876196,Breakspear,451
903,-0.030640313177035205,Brainsmash,451
904,-0.10642335105397113,Breakspear,452
905,-0.0008553169240043293,Brainsmash,452
906,0.04783949892419842,Breakspear,453
907,0.09809549757781758,Brainsmash,453
908,-0.16000775674868406,Breakspear,454
909,-0.0921545425710107,Brainsmash,454
910,0.31496247089115803,Breakspear,455
911,0.10987375961602168,Brainsmash,455
912,-0.1035614236006127,Breakspear,456
913,0.003330327673221577,Brainsmash,456
914,0.0007104899958135127,Breakspear,457
915,0.14085186259646548,Brainsmash,457
916,-0.17672791028428617,Breakspear,458
917,0.04825853260370073,Brainsmash,458
918,-0.12027410636788718,Breakspear,459
919,-0.03598212789406152,Brainsmash,459
920,0.020821272775716874,Breakspear,460
921,0.004088296476724816,Brainsmash,460
922,-0.11302656269347607,Breakspear,461
923,0.1359697103459293,Brainsmash,461
924,-0.04587284189789545,Breakspear,462
925,0.006306615100515116,Brainsmash,462
926,-0.09118953846822876,Breakspear,463
927,0.034727023650179864,Brainsmash,463
928,0.24951991113063612,Breakspear,464
929,0.15457007629675526,Brainsmash,464
930,-0.12003461207479527,Breakspear,465
931,-0.07234801843855088,Brainsmash,465
932,-0.14126767615753094,Breakspear,466
933,0.029688319105841538,Brainsmash,466
934,-0.2126337061784675,Breakspear,467
935,0.09189127033187075,Brainsmash,467
936,0.009921632710328771,Breakspear,468
937,0.07652389160996924,Brainsmash,468
938,-0.06562088512261499,Breakspear,469
939,-0.01023849560785973,Brainsmash,469
940,-0.21610010896904513,Breakspear,470
941,-0.0056464902899522485,Brainsmash,470
942,0.12709625339790986,Breakspear,471
943,0.05042600047522332,Brainsmash,471
944,0.057173622170035625,Breakspear,472
945,-0.11953738463012628,Brainsmash,472
946,-0.20537826975160026,Breakspear,473
947,0.106501730452026,Brainsmash,473
948,-0.17587963110584104,Breakspear,474
949,0.14605452650471393,Brainsmash,474
950,-0.031393546463091754,Breakspear,475
951,-0.022085715456383315,Brainsmash,475
952,-0.1362834356780791,Breakspear,476
953,-0.08357454613135273,Brainsmash,476
954,0.08267791184259346,Breakspear,477
955,-0.015209942773602181,Brainsmash,477
956,-0.16687199401835515,Breakspear,478
957,-0.05728898497112107,Brainsmash,478
958,0.1819535582465361,Breakspear,479
959,-0.03393648000874357,Brainsmash,479
960,-0.12062244887699454,Breakspear,480
961,-0.07272507110842286,Brainsmash,480
962,-0.06432265631391006,Breakspear,481
963,-0.09259078916296502,Brainsmash,481
964,0.22048644154903244,Breakspear,482
965,0.19538888751267527,Brainsmash,482
966,0.08083526851063393,Breakspear,483
967,-0.07058319232599053,Brainsmash,483
968,0.029984822130074675,Breakspear,484
969,0.041062904193727066,Brainsmash,484
970,-0.10019254177047174,Breakspear,485
971,0.03472540924300728,Brainsmash,485
972,-0.09366633717587594,Breakspear,486
973,0.1259621968675289,Brainsmash,486
974,-0.10182743459830397,Breakspear,487
975,0.14541183082727363,Brainsmash,487
976,0.0023587738390647645,Breakspear,488
977,-0.025951847396664954,Brainsmash,488
978,0.040738916066880716,Breakspear,489
979,-0.03271760087304356,Brainsmash,489
980,-0.0036559307607200637,Breakspear,490
981,0.025900699714744582,Brainsmash,490
982,-0.012271741114120278,Breakspear,491
983,-0.0022483869142455493,Brainsmash,491
984,0.10577825956249844,Breakspear,492
985,-0.04642641763298662,Brainsmash,492
986,0.2791420597958439,Breakspear,493
987,-0.03360055434741352,Brainsmash,493
988,-0.0749879734351367,Breakspear,494
989,-0.06507931154346874,Brainsmash,494
990,-0.20561965821257502,Breakspear,495
991,-0.15629565333681686,Brainsmash,495
992,0.12467044867571382,Breakspear,496
993,-0.016266977443213756,Brainsmash,496
994,-0.12585227161824142,Breakspear,497
995,0.06462192992348417,Brainsmash,497
996,-0.1560997414429644,Breakspear,498
997,0.02445464734562256,Brainsmash,498
998,-0.07227173642154443,Breakspear,499
999,0.06419326053055449,Brainsmash,499
1000,-0.16719172265312288,Breakspear,500
1001,-0.027397174523471762,Brainsmash,500
1002,-0.0999779681381189,Breakspear,501
1003,-0.02502723102591352,Brainsmash,501
1004,0.2803614875609238,Breakspear,502
1005,-0.13637649950329533,Brainsmash,502
1006,-0.006058108919438723,Breakspear,503
1007,-0.09070816513194524,Brainsmash,503
1008,0.22028237228516673,Breakspear,504
1009,0.1215270212069918,Brainsmash,504
1010,-0.02718548635546169,Breakspear,505
1011,0.051561150636475775,Brainsmash,505
1012,0.0006079483453124367,Breakspear,506
1013,0.0337554614402738,Brainsmash,506
1014,-0.014306382162717016,Breakspear,507
1015,-0.03940350616067776,Brainsmash,507
1016,0.08536903550121773,Breakspear,508
1017,-0.03161304232208074,Brainsmash,508
1018,0.08587754203345478,Breakspear,509
1019,0.08575903094592444,Brainsmash,509
1020,-0.15130355788193817,Breakspear,510
1021,0.04254553385574053,Brainsmash,510
1022,0.06167815943983862,Breakspear,511
1023,0.0032485131541042946,Brainsmash,511
1024,0.2517744917205653,Breakspear,512
1025,0.07117042238924119,Brainsmash,512
1026,-0.14262733923097334,Breakspear,513
1027,-0.025564794409852865,Brainsmash,513
1028,-0.14713759148695674,Breakspear,514
1029,-0.03523557955787542,Brainsmash,514
1030,-0.15041210814060724,Breakspear,515
1031,0.07177235746372355,Brainsmash,515
1032,0.19285002194817835,Breakspear,516
1033,-0.09569148044967542,Brainsmash,516
1034,-0.17176291932595458,Breakspear,517
1035,0.016396908573830235,Brainsmash,517
1036,-0.14010641318513042,Breakspear,518
1037,0.05398500454034325,Brainsmash,518
1038,0.019357686883142728,Breakspear,519
1039,-0.1629895853980498,Brainsmash,519
1040,-0.10678272739161837,Breakspear,520
1041,-0.08859710596922489,Brainsmash,520
1042,0.44817770479759095,Breakspear,521
1043,0.023841554927321727,Brainsmash,521
1044,-0.013328197768754994,Breakspear,522
1045,-0.013893703484024324,Brainsmash,522
1046,0.5349749793545039,Breakspear,523
1047,0.04318874498351828,Brainsmash,523
1048,0.15679216239984958,Breakspear,524
1049,-0.04346673408043217,Brainsmash,524
1050,0.39270508567912754,Breakspear,525
1051,0.05991729095554933,Brainsmash,525
1052,-0.18832385978402386,Breakspear,526
1053,-0.0026596635459006208,Brainsmash,526
1054,-0.09494784391849125,Breakspear,527
1055,0.08064999804211029,Brainsmash,527
1056,0.13537666395757716,Breakspear,528
1057,0.08860881025496552,Brainsmash,528
1058,0.01235390083738972,Breakspear,529
1059,0.019607489942871797,Brainsmash,529
1060,-0.10085708344690109,Breakspear,530
1061,0.17064798689659696,Brainsmash,530
1062,-0.00468186821438943,Breakspear,531
1063,0.025275537780442704,Brainsmash,531
1064,-0.14888682910066603,Breakspear,532
1065,-0.05690272214640542,Brainsmash,532
1066,0.28308594683168153,Breakspear,533
1067,0.02829822606471082,Brainsmash,533
1068,-0.034051031565827575,Breakspear,534
1069,-0.06570546158928735,Brainsmash,534
1070,-0.11878603506642382,Breakspear,535
1071,-0.122186697764052,Brainsmash,535
1072,0.06635465972595855,Breakspear,536
1073,-0.0627010451031007,Brainsmash,536
1074,0.046839403656960855,Breakspear,537
1075,0.04449647234948504,Brainsmash,537
1076,0.25425143922213916,Breakspear,538
1077,-0.030522364164622857,Brainsmash,538
1078,-0.0025825033843219353,Breakspear,539
1079,-0.07211231522120824,Brainsmash,539
1080,-0.1771386230863635,Breakspear,540
1081,0.0028910684470043377,Brainsmash,540
1082,-0.0011757051358146755,Breakspear,541
1083,0.13459892072462132,Brainsmash,541
1084,-0.17941082562822425,Breakspear,542
1085,0.12809162644273778,Brainsmash,542
1086,-0.05720320386645268,Breakspear,543
1087,0.025184727720891333,Brainsmash,543
1088,-0.003008751424546528,Breakspear,544
1089,0.029600782079768535,Brainsmash,544
1090,-0.10291861345591892,Breakspear,545
1091,-0.04959246850555239,Brainsmash,545
1092,0.42700959217868245,Breakspear,546
1093,0.07203780256833905,Brainsmash,546
1094,0.29793091119226034,Breakspear,547
1095,0.01763847254069153,Brainsmash,547
1096,0.42067849042320743,Breakspear,548
1097,-0.006632384839724269,Brainsmash,548
1098,-0.08305997381961787,Breakspear,549
1099,-0.042452713103327766,Brainsmash,549
1100,-0.14772791403673854,Breakspear,550
1101,-0.040620741464448856,Brainsmash,550
1102,-0.2239581082378719,Breakspear,551
1103,-0.11880196797913513,Brainsmash,551
1104,-0.021878124591359727,Breakspear,552
1105,0.0466468312425901,Brainsmash,552
1106,-0.1217146229233002,Breakspear,553
1107,-0.12286117615931819,Brainsmash,553
1108,-0.06781543449553948,Breakspear,554
1109,0.1252834022945279,Brainsmash,554
1110,-0.03902153541125884,Breakspear,555
1111,-0.04996810865265061,Brainsmash,555
1112,-0.14762176294354212,Breakspear,556
1113,-0.05903826429817262,Brainsmash,556
1114,0.0035040641698489677,Breakspear,557
1115,-0.03396876452535606,Brainsmash,557
1116,0.42142515215397514,Breakspear,558
1117,-0.02464195404553008,Brainsmash,558
1118,0.24635343993057726,Breakspear,559
1119,0.05312474327214141,Brainsmash,559
1120,0.16141463216873886,Breakspear,560
1121,0.015031684775582829,Brainsmash,560
1122,0.04255070551922594,Breakspear,561
1123,0.009734431783284375,Brainsmash,561
1124,0.22513873656901418,Breakspear,562
1125,-0.015030957056471733,Brainsmash,562
1126,-0.1615977408671579,Breakspear,563
1127,-0.020099912293550598,Brainsmash,563
1128,-0.13322993717331583,Breakspear,564
1129,-0.0746553015911698,Brainsmash,564
1130,-0.13987921159882916,Breakspear,565
1131,-0.07281124637694096,Brainsmash,565
1132,-0.04642376175003802,Breakspear,566
1133,-0.029160614884973252,Brainsmash,566
1134,-0.198621706541487,Breakspear,567
1135,0.10625390632211826,Brainsmash,567
1136,-0.024982848470071116,Breakspear,568
1137,-0.019778839256901583,Brainsmash,568
1138,-0.15970800414896563,Breakspear,569
1139,-0.07374266154864213,Brainsmash,569
1140,-0.08118665385818537,Breakspear,570
1141,-0.011472127115095439,Brainsmash,570
1142,-0.15224870515263692,Breakspear,571
1143,-0.06086998630170356,Brainsmash,571
1144,0.1820156135197248,Breakspear,572
1145,0.04024722284000763,Brainsmash,572
1146,-0.1661714780166104,Breakspear,573
1147,0.048315281160283816,Brainsmash,573
1148,0.26693785628685057,Breakspear,574
1149,-0.12704699139104111,Brainsmash,574
1150,-0.06906158719089638,Breakspear,575
1151,0.037536740941544355,Brainsmash,575
1152,-0.10614767352371245,Breakspear,576
1153,0.030380942142827626,Brainsmash,576
1154,-0.04554643755688341,Breakspear,577
1155,0.059600338178096464,Brainsmash,577
1156,-0.11195113677789476,Breakspear,578
1157,0.05115025099949174,Brainsmash,578
1158,0.013642271865272403,Breakspear,579
1159,0.10296678767153027,Brainsmash,579
1160,-0.04423610475658362,Breakspear,580
1161,-0.03826895899231746,Brainsmash,580
1162,0.4818745236168239,Breakspear,581
1163,0.014087263748226744,Brainsmash,581
1164,0.06985996662431082,Breakspear,582
1165,-0.0062496142090678365,Brainsmash,582
1166,-0.07962828697244692,Breakspear,583
1167,0.08893650634431502,Brainsmash,583
1168,-0.06744949471995429,Breakspear,584
1169,-0.02998602848524595,Brainsmash,584
1170,-0.05674772541446874,Breakspear,585
1171,-0.030723557047681115,Brainsmash,585
1172,-0.041545466108194595,Breakspear,586
1173,0.10121946022555624,Brainsmash,586
1174,0.04387973487305313,Breakspear,587
1175,0.02500716678503354,Brainsmash,587
1176,-0.025153245048456126,Breakspear,588
1177,0.004464244802927676,Brainsmash,588
1178,-0.13968620888489897,Breakspear,589
1179,0.028734763562718788,Brainsmash,589
1180,-0.06228290062037174,Breakspear,590
1181,0.007104344514867009,Brainsmash,590
1182,0.16701257336510125,Breakspear,591
1183,0.14856906076230628,Brainsmash,591
1184,-0.07413259375619084,Breakspear,592
1185,0.06323499025430525,Brainsmash,592
1186,-0.06731881906467076,Breakspear,593
1187,0.030701652052795625,Brainsmash,593
1188,-0.12999376174704258,Breakspear,594
1189,-0.13089295716390764,Brainsmash,594
1190,-0.02512926594923606,Breakspear,595
1191,-0.046322822464426434,Brainsmash,595
1192,0.0948682539575814,Breakspear,596
1193,-0.08988723941233295,Brainsmash,596
1194,-0.021935282183805596,Breakspear,597
1195,0.010742887898977722,Brainsmash,597
1196,-0.12871609218540403,Breakspear,598
1197,-0.08160293385031296,Brainsmash,598
1198,-0.06151021744078626,Breakspear,599
1199,0.015234238314681878,Brainsmash,599
1200,0.2520021071338452,Breakspear,600
1201,-0.0871160188039207,Brainsmash,600
1202,0.11337864539944259,Breakspear,601
1203,-0.02006154632943564,Brainsmash,601
1204,0.20211446417687184,Breakspear,602
1205,-0.0207754427791312,Brainsmash,602
1206,-0.0357641228296859,Breakspear,603
1207,-0.08269909514263032,Brainsmash,603
1208,-0.12109138842517723,Breakspear,604
1209,-0.06418898334693594,Brainsmash,604
1210,-0.044167163274783136,Breakspear,605
1211,0.035353027462602014,Brainsmash,605
1212,-0.049066227100118306,Breakspear,606
1213,0.04847778829952996,Brainsmash,606
1214,-0.07660954513778785,Breakspear,607
1215,-0.025661924055529414,Brainsmash,607
1216,-0.004464722957846854,Breakspear,608
1217,0.04405112284059073,Brainsmash,608
1218,-0.052099914999702734,Breakspear,609
1219,-0.038648379841460204,Brainsmash,609
1220,-0.14973845894537383,Breakspear,610
1221,-0.018347742302647515,Brainsmash,610
1222,0.3075164334304111,Breakspear,611
1223,0.055467161614753444,Brainsmash,611
1224,-0.20471685135393722,Breakspear,612
1225,0.08637310543152339,Brainsmash,612
1226,-0.11035477781225206,Breakspear,613
1227,0.05504416013197689,Brainsmash,613
1228,-0.019649159215726332,Breakspear,614
1229,0.049052188466036574,Brainsmash,614
1230,0.15350230107586302,Breakspear,615
1231,0.027817134274751822,Brainsmash,615
1232,0.03457603220224468,Breakspear,616
1233,-0.04400157544258386,Brainsmash,616
1234,-0.06236746908334445,Breakspear,617
1235,-0.052259305066319886,Brainsmash,617
1236,-0.18798558194362533,Breakspear,618
1237,-0.026739933042493065,Brainsmash,618
1238,0.08659268001424111,Breakspear,619
1239,0.09572303779762552,Brainsmash,619
1240,-0.15015583735412724,Breakspear,620
1241,0.019869226927536066,Brainsmash,620
1242,0.012058508774833172,Breakspear,621
1243,0.0901957626350402,Brainsmash,621
1244,-0.1333342930619508,Breakspear,622
1245,-0.05509919312061436,Brainsmash,622
1246,-0.14172208016446822,Breakspear,623
1247,0.019376352765695718,Brainsmash,623
1248,0.12255489713619698,Breakspear,624
1249,0.0916950960076963,Brainsmash,624
1250,-0.08434581190007862,Breakspear,625
1251,0.14833764331516908,Brainsmash,625
1252,-0.1849812647082769,Breakspear,626
1253,0.13235005218840729,Brainsmash,626
1254,0.006057937704685608,Breakspear,627
1255,0.014589894212763427,Brainsmash,627
1256,0.08122508011743132,Breakspear,628
1257,0.010930056745493485,Brainsmash,628
1258,0.24378756704949442,Breakspear,629
1259,0.1500437541991133,Brainsmash,629
1260,-0.07035937390858964,Breakspear,630
1261,0.03505691995479761,Brainsmash,630
1262,0.11368810499404214,Breakspear,631
1263,-0.03832821170140318,Brainsmash,631
1264,-0.16261653498529674,Breakspear,632
1265,0.059254371104684116,Brainsmash,632
1266,0.15790434667276226,Breakspear,633
1267,-0.09258166532324558,Brainsmash,633
1268,-0.10030379166186935,Breakspear,634
1269,-0.002561596746672356,Brainsmash,634
1270,0.07703225005034525,Breakspear,635
1271,-0.13008743995211314,Brainsmash,635
1272,0.4665647178709606,Breakspear,636
1273,0.05657979049581753,Brainsmash,636
1274,-0.1643814722734276,Breakspear,637
1275,0.035617108336507296,Brainsmash,637
1276,-0.1868764775457798,Breakspear,638
1277,0.057248087065325595,Brainsmash,638
1278,-0.027401195389894006,Breakspear,639
1279,0.0949617341247785,Brainsmash,639
1280,0.1564014252884285,Breakspear,640
1281,0.05151590410064263,Brainsmash,640
1282,-0.1045295927697876,Breakspear,641
1283,0.1144827636052017,Brainsmash,641
1284,-0.011938492842938067,Breakspear,642
1285,0.11911422191941991,Brainsmash,642
1286,-0.10842409425398798,Breakspear,643
1287,0.021406956603881946,Brainsmash,643
1288,-0.17394991633799295,Breakspear,644
1289,-0.017408030239486817,Brainsmash,644
1290,-0.09036548421963407,Breakspear,645
1291,-0.05712745341289858,Brainsmash,645
1292,-0.1469539350199312,Breakspear,646
1293,0.03338916130903354,Brainsmash,646
1294,0.029501053995161407,Breakspear,647
1295,0.06759882123437275,Brainsmash,647
1296,0.2377264343832161,Breakspear,648
1297,-0.016002947891372212,Brainsmash,648
1298,0.05151195223961062,Breakspear,649
1299,-0.044968508771931405,Brainsmash,649
1300,-0.1459838636186393,Breakspear,650
1301,0.08228682263281843,Brainsmash,650
1302,0.06347497334024349,Breakspear,651
1303,0.21316696736489668,Brainsmash,651
1304,0.05143400416437177,Breakspear,652
1305,0.06436991212087541,Brainsmash,652
1306,-0.13907811410332513,Breakspear,653
1307,0.04135215668725598,Brainsmash,653
1308,0.2312248353483827,Breakspear,654
1309,0.010806497507532934,Brainsmash,654
1310,0.17532611028263945,Breakspear,655
1311,0.05542339655850531,Brainsmash,655
1312,-0.16980784266831495,Breakspear,656
1313,0.04449184761848727,Brainsmash,656
1314,-0.0144345108923406,Breakspear,657
1315,-0.013073908482866452,Brainsmash,657
1316,-0.05886876026200841,Breakspear,658
1317,0.08008941376698847,Brainsmash,658
1318,-0.12817399441001687,Breakspear,659
1319,0.20425731080727005,Brainsmash,659
1320,0.3439805878516126,Breakspear,660
1321,-0.0415863618996068,Brainsmash,660
1322,-0.15759235094460317,Breakspear,661
1323,0.10412842233507069,Brainsmash,661
1324,-0.09278813163335731,Breakspear,662
1325,-0.08055054068450465,Brainsmash,662
1326,0.16160911647913903,Breakspear,663
1327,0.027867729236381818,Brainsmash,663
1328,-0.15269590517301754,Breakspear,664
1329,-0.00263435756602348,Brainsmash,664
1330,-0.18028500422020444,Breakspear,665
1331,-0.07876693210010474,Brainsmash,665
1332,-0.036154519012581765,Breakspear,666
1333,-0.1021264850325095,Brainsmash,666
1334,-0.13600925500440236,Breakspear,667
1335,0.05449658099974075,Brainsmash,667
1336,-0.12120062815984971,Breakspear,668
1337,-0.06639616753605881,Brainsmash,668
1338,-0.04756372939568475,Breakspear,669
1339,0.06668712273450911,Brainsmash,669
1340,0.03192987921766624,Breakspear,670
1341,0.0530504199462581,Brainsmash,670
1342,0.3081861596875522,Breakspear,671
1343,-0.05005626420970944,Brainsmash,671
1344,-0.06816320173550436,Breakspear,672
1345,-0.0541984585869918,Brainsmash,672
1346,-0.00027535606707317306,Breakspear,673
1347,-0.022501544707647037,Brainsmash,673
1348,0.45494643727379164,Breakspear,674
1349,-0.03929429575142117,Brainsmash,674
1350,-0.17992665427215845,Breakspear,675
1351,-0.017869245827126394,Brainsmash,675
1352,-0.1844056826115358,Breakspear,676
1353,0.11796183314428615,Brainsmash,676
1354,-0.2274773427722236,Breakspear,677
1355,-0.05249021714042705,Brainsmash,677
1356,-0.17878003373773782,Breakspear,678
1357,0.0856502926748792,Brainsmash,678
1358,-0.009892804583057186,Breakspear,679
1359,-0.023184386969841916,Brainsmash,679
1360,0.4248176932775817,Breakspear,680
1361,0.16174323396806897,Brainsmash,680
1362,-0.18018087550384587,Breakspear,681
1363,-0.05554139087804963,Brainsmash,681
1364,0.13216779705558757,Breakspear,682
1365,-0.09941528860295058,Brainsmash,682
1366,-0.17656129905984766,Breakspear,683
1367,-0.012438896233173782,Brainsmash,683
1368,-0.1629795056086781,Breakspear,684
1369,-0.02545958751236662,Brainsmash,684
1370,-0.09116340620450267,Breakspear,685
1371,0.006466007756848238,Brainsmash,685
1372,0.5334698912422063,Breakspear,686
1373,-0.04811156034395578,Brainsmash,686
1374,0.020285107404587006,Breakspear,687
1375,-0.03268260961343686,Brainsmash,687
1376,0.16540184751713027,Breakspear,688
1377,-0.15658858258765354,Brainsmash,688
1378,-0.004071527484678327,Breakspear,689
1379,0.04482699173447724,Brainsmash,689
1380,-0.03060441541077866,Breakspear,690
1381,-0.04822412123246798,Brainsmash,690
1382,-0.20822620494110852,Breakspear,691
1383,-0.05955662031889083,Brainsmash,691
1384,-0.02388750382046499,Breakspear,692
1385,-0.07812587900644542,Brainsmash,692
1386,0.24065835116480624,Breakspear,693
1387,-0.05313144801894798,Brainsmash,693
1388,-0.11178621735317228,Breakspear,694
1389,-0.05175336458820832,Brainsmash,694
1390,-0.17062087478814028,Breakspear,695
1391,0.016427605072517816,Brainsmash,695
1392,-0.06854229212845403,Breakspear,696
1393,-0.019145925528279657,Brainsmash,696
1394,0.07156298252952879,Breakspear,697
1395,0.11766748104421901,Brainsmash,697
1396,0.42960642376047514,Breakspear,698
1397,0.007216621684811682,Brainsmash,698
1398,0.17033628232964707,Breakspear,699
1399,-0.018113704355694808,Brainsmash,699
1400,0.30698695813373633,Breakspear,700
1401,-0.01196074395382415,Brainsmash,700
1402,0.31181943360685227,Breakspear,701
1403,-0.04545535655393729,Brainsmash,701
1404,0.1844743854987343,Breakspear,702
1405,0.016014041216131068,Brainsmash,702
1406,-0.11508295665150346,Breakspear,703
1407,-0.14874357368945443,Brainsmash,703
1408,-0.04682481912872838,Breakspear,704
1409,-0.00885607201057291,Brainsmash,704
1410,-0.17500546948641857,Breakspear,705
1411,0.013103797832102904,Brainsmash,705
1412,0.4326581322004263,Breakspear,706
1413,0.031294598687561744,Brainsmash,706
1414,0.21093793628500027,Breakspear,707
1415,-0.0646504554660699,Brainsmash,707
1416,-0.06379799191246503,Breakspear,708
1417,-0.0816644645509999,Brainsmash,708
1418,0.1703218501715487,Breakspear,709
1419,-0.045421724260437855,Brainsmash,709
1420,0.23236302484869722,Breakspear,710
1421,-0.021136451625581365,Brainsmash,710
1422,0.039842773703555136,Breakspear,711
1423,0.05001412734319035,Brainsmash,711
1424,-0.026319488796908493,Breakspear,712
1425,0.024453639776506025,Brainsmash,712
1426,-0.2050531866753376,Breakspear,713
1427,-0.08390695618906151,Brainsmash,713
1428,0.5619554753433377,Breakspear,714
1429,0.08321199017294487,Brainsmash,714
1430,-0.0947447680027188,Breakspear,715
1431,0.021904884322087554,Brainsmash,715
1432,-0.1476090870167503,Breakspear,716
1433,-0.1638327577868262,Brainsmash,716
1434,0.25365337325845505,Breakspear,717
1435,-0.10977040904657112,Brainsmash,717
1436,-0.0456872914938683,Breakspear,718
1437,0.0029254825564318564,Brainsmash,718
1438,0.02232517431886464,Breakspear,719
1439,-0.07362198865854604,Brainsmash,719
1440,-0.09656424391357551,Breakspear,720
1441,-0.10171598709980573,Brainsmash,720
1442,0.0026279389007209104,Breakspear,721
1443,0.04418942614329658,Brainsmash,721
1444,0.13078429526199967,Breakspear,722
1445,-0.020688597949111882,Brainsmash,722
1446,0.027432338671725266,Breakspear,723
1447,-0.06509578889964189,Brainsmash,723
1448,-0.15599528073544452,Breakspear,724
1449,0.023131005774617925,Brainsmash,724
1450,-0.11127561204335384,Breakspear,725
1451,0.03624528428927554,Brainsmash,725
1452,-0.21137791748840315,Breakspear,726
1453,0.056439603607039236,Brainsmash,726
1454,-0.1892470884649611,Breakspear,727
1455,0.017557030079704532,Brainsmash,727
1456,0.46311518524434225,Breakspear,728
1457,-0.14300623150700476,Brainsmash,728
1458,-0.11181047813794548,Breakspear,729
1459,0.0006078246796250164,Brainsmash,729
1460,-0.11993973355614049,Breakspear,730
1461,-0.12955597259921403,Brainsmash,730
1462,-0.19864637634672844,Breakspear,731
1463,0.060073790846508476,Brainsmash,731
1464,-0.13616726139082547,Breakspear,732
1465,0.011491791065137046,Brainsmash,732
1466,0.07380053542484864,Breakspear,733
1467,-0.04269511298297791,Brainsmash,733
1468,0.22625553278680918,Breakspear,734
1469,-0.0869516522718709,Brainsmash,734
1470,-0.06304919484919103,Breakspear,735
1471,-0.028998762556532352,Brainsmash,735
1472,-0.010037131704567803,Breakspear,736
1473,-0.02549166590504995,Brainsmash,736
1474,-0.18298910511972227,Breakspear,737
1475,-0.13550470955648025,Brainsmash,737
1476,-0.13686492224585034,Breakspear,738
1477,0.04740102952337363,Brainsmash,738
1478,0.10665929912353582,Breakspear,739
1479,0.003684149441295676,Brainsmash,739
1480,-0.034463784172097695,Breakspear,740
1481,-0.044730834181342174,Brainsmash,740
1482,-0.009097223227038225,Breakspear,741
1483,-0.04962928339305238,Brainsmash,741
1484,0.3340261114264102,Breakspear,742
1485,0.00873483420929622,Brainsmash,742
1486,0.05272686722875325,Breakspear,743
1487,-0.09952764106686474,Brainsmash,743
1488,-0.13860017003768224,Breakspear,744
1489,0.015990357537973406,Brainsmash,744
1490,-0.15726803725162766,Breakspear,745
1491,0.013769255646003073,Brainsmash,745
1492,0.259845801409871,Breakspear,746
1493,0.02550589321412246,Brainsmash,746
1494,0.09263844846138711,Breakspear,747
1495,0.014856237007862105,Brainsmash,747
1496,-0.15510814327835137,Breakspear,748
1497,-0.05563977282635546,Brainsmash,748
1498,0.26464781209895316,Breakspear,749
1499,-0.00946648317241619,Brainsmash,749
1500,0.27110610279382535,Breakspear,750
1501,-0.008682116197864652,Brainsmash,750
1502,-0.0634705058407899,Breakspear,751
1503,-0.11683423089099543,Brainsmash,751
1504,-0.11098021333804305,Breakspear,752
1505,-0.061282283917528754,Brainsmash,752
1506,-0.14943015990201663,Breakspear,753
1507,0.08279504628496057,Brainsmash,753
1508,-0.1564056027680814,Breakspear,754
1509,0.018752498899626355,Brainsmash,754
1510,-0.04027220097712739,Breakspear,755
1511,-0.05531878636180823,Brainsmash,755
1512,-0.14794219798100086,Breakspear,756
1513,0.03976728678893992,Brainsmash,756
1514,0.17028284411378247,Breakspear,757
1515,0.029467332428561446,Brainsmash,757
1516,-0.09867144148330331,Breakspear,758
1517,-0.03750119503989645,Brainsmash,758
1518,-0.054288848151022986,Breakspear,759
1519,-0.054307600264843485,Brainsmash,759
1520,-0.1913414547082281,Breakspear,760
1521,-0.05719648622347693,Brainsmash,760
1522,-0.13028299918388908,Breakspear,761
1523,-0.018946985112973585,Brainsmash,761
1524,-0.05856741903901858,Breakspear,762
1525,-0.05567255671117237,Brainsmash,762
1526,-0.15773638619829658,Breakspear,763
1527,-0.08892148995656339,Brainsmash,763
1528,0.028560947859996234,Breakspear,764
1529,0.046348095958792176,Brainsmash,764
1530,-0.13888675638844275,Breakspear,765
1531,-0.10244853203563715,Brainsmash,765
1532,-0.06487119740887955,Breakspear,766
1533,0.05998447081926212,Brainsmash,766
1534,0.18696586113590657,Breakspear,767
1535,0.08811767108264923,Brainsmash,767
1536,0.11388892677948519,Breakspear,768
1537,-0.12223413334140602,Brainsmash,768
1538,-0.16607040028921585,Breakspear,769
1539,-0.056470095191619385,Brainsmash,769
1540,0.12905620445403068,Breakspear,770
1541,-0.0024257026786206675,Brainsmash,770
1542,-0.14003056205235043,Breakspear,771
1543,0.05978425855306907,Brainsmash,771
1544,-0.009535319430138967,Breakspear,772
1545,0.07996353255794897,Brainsmash,772
1546,-0.16285664649236714,Breakspear,773
1547,0.006253365394681835,Brainsmash,773
1548,-0.05747881797253898,Breakspear,774
1549,-0.06175220131641827,Brainsmash,774
1550,-0.09100209423856312,Breakspear,775
1551,-0.016733108727601736,Brainsmash,775
1552,-0.13721999749032,Breakspear,776
1553,0.08149473582244834,Brainsmash,776
1554,0.3839791367263976,Breakspear,777
1555,0.12723486939844372,Brainsmash,777
1556,-0.10099660199863483,Breakspear,778
1557,-0.02280102776930236,Brainsmash,778
1558,-0.032798263946646,Breakspear,779
1559,0.07792165451082829,Brainsmash,779
1560,-0.04988414043352555,Breakspear,780
1561,-0.09883273661287674,Brainsmash,780
1562,-0.21534165128967386,Breakspear,781
1563,-0.11708228802879161,Brainsmash,781
1564,-0.03394405717604666,Breakspear,782
1565,0.049556539746668044,Brainsmash,782
1566,-0.18552743193187246,Breakspear,783
1567,-0.09662395323317151,Brainsmash,783
1568,0.11228614456706726,Breakspear,784
1569,0.014515315913109597,Brainsmash,784
1570,-0.030752207577870987,Breakspear,785
1571,0.03380674288292027,Brainsmash,785
1572,0.09866482266901977,Breakspear,786
1573,0.007375322186882721,Brainsmash,786
1574,0.5558452521493392,Breakspear,787
1575,0.00955983657004832,Brainsmash,787
1576,0.11139177055815419,Breakspear,788
1577,0.053614105635949816,Brainsmash,788
1578,-0.15107496859976352,Breakspear,789
1579,-0.012661430434815787,Brainsmash,789
1580,0.04403117129460546,Breakspear,790
1581,-0.07879923702806205,Brainsmash,790
1582,0.22547604450558933,Breakspear,791
1583,0.08518569772886721,Brainsmash,791
1584,-0.08126145194857658,Breakspear,792
1585,-0.057880843735863025,Brainsmash,792
1586,-0.021713034851116177,Breakspear,793
1587,-0.07300700398634587,Brainsmash,793
1588,-0.1251037793670937,Breakspear,794
1589,-0.2546934876224444,Brainsmash,794
1590,-0.07981086907099803,Breakspear,795
1591,0.026253730893635432,Brainsmash,795
1592,-0.1036030356352545,Breakspear,796
1593,-0.009915141732617781,Brainsmash,796
1594,0.3967253577999148,Breakspear,797
1595,-0.112158827898176,Brainsmash,797
1596,0.16194706841216536,Breakspear,798
1597,0.08234315496946906,Brainsmash,798
1598,-0.15375661186817868,Breakspear,799
1599,-0.013564237439186862,Brainsmash,799
1600,0.5281065248598078,Breakspear,800
1601,-0.07351331602529573,Brainsmash,800
1602,0.11973517548325167,Breakspear,801
1603,-0.005160110733536232,Brainsmash,801
1604,-0.0967615951848994,Breakspear,802
1605,0.01862398922741321,Brainsmash,802
1606,0.2448673296333999,Breakspear,803
1607,-0.013927939770869088,Brainsmash,803
1608,0.10666582032789408,Breakspear,804
1609,0.03220104881453631,Brainsmash,804
1610,-0.16867962879509157,Breakspear,805
1611,-0.18656603158519242,Brainsmash,805
1612,-0.0219408476992729,Breakspear,806
1613,0.06120856450599333,Brainsmash,806
1614,-0.19398214064158237,Breakspear,807
1615,0.22502351037644153,Brainsmash,807
1616,0.2216245782965821,Breakspear,808
1617,0.014436000529073206,Brainsmash,808
1618,-0.0509196257162618,Breakspear,809
1619,-0.02897851530710294,Brainsmash,809
1620,-0.14919777682036753,Breakspear,810
1621,-0.09750684386789737,Brainsmash,810
1622,-0.1652134052084762,Breakspear,811
1623,-0.005490074129935169,Brainsmash,811
1624,-0.10397221186995549,Breakspear,812
1625,-0.0001930735247150035,Brainsmash,812
1626,0.008506024202655844,Breakspear,813
1627,0.06088925933125019,Brainsmash,813
1628,0.18570294158474462,Breakspear,814
1629,-0.07757458174625241,Brainsmash,814
1630,0.06796854643694933,Breakspear,815
1631,-0.011142654248316187,Brainsmash,815
1632,-0.08243701369705371,Breakspear,816
1633,-0.054098897393556736,Brainsmash,816
1634,0.01546698414094425,Breakspear,817
1635,-0.03144336734420048,Brainsmash,817
1636,0.0013246127739889495,Breakspear,818
1637,0.0025069511218081767,Brainsmash,818
1638,-0.09261426694164289,Breakspear,819
1639,-0.040326390326129946,Brainsmash,819
1640,-0.09849877562161412,Breakspear,820
1641,-0.017088080755014872,Brainsmash,820
1642,-0.08543448587501537,Breakspear,821
1643,0.021869594743455827,Brainsmash,821
1644,0.11921398039037809,Breakspear,822
1645,0.022791408813832854,Brainsmash,822
1646,-0.019566823028407662,Breakspear,823
1647,-0.06250801163758585,Brainsmash,823
1648,-0.09909464531213494,Breakspear,824
1649,0.032961619461128314,Brainsmash,824
1650,0.11674816548532774,Breakspear,825
1651,-0.08603601408247258,Brainsmash,825
1652,0.031367631530075164,Breakspear,826
1653,0.047407402328081966,Brainsmash,826
1654,0.00032984450097501276,Breakspear,827
1655,-0.02281971905050657,Brainsmash,827
1656,-0.16692697356260017,Breakspear,828
1657,0.024668634149085787,Brainsmash,828
1658,-0.2041312866660716,Breakspear,829
1659,0.09342461123907005,Brainsmash,829
1660,-0.14521976078355056,Breakspear,830
1661,-0.0027076931928656286,Brainsmash,830
1662,-0.14213375096946265,Breakspear,831
1663,0.09654168098694263,Brainsmash,831
1664,-0.11359193865285863,Breakspear,832
1665,0.016310631844215582,Brainsmash,832
1666,-0.11981877675989389,Breakspear,833
1667,-0.061972484776489374,Brainsmash,833
1668,-0.001963878088603973,Breakspear,834
1669,0.0399255103339208,Brainsmash,834
1670,-0.11181396319200529,Breakspear,835
1671,0.11386047495794373,Brainsmash,835
1672,-0.09269898096510752,Breakspear,836
1673,-0.02812213099935842,Brainsmash,836
1674,-0.11076029737913602,Breakspear,837
1675,0.04623106387786934,Brainsmash,837
1676,-0.1395646286286837,Breakspear,838
1677,-0.0394970263957049,Brainsmash,838
1678,-0.07917317285432071,Breakspear,839
1679,0.059500626555609656,Brainsmash,839
1680,-0.03196781790475377,Breakspear,840
1681,0.07498620218224258,Brainsmash,840
1682,-0.15168390433897755,Breakspear,841
1683,-0.06306303288690786,Brainsmash,841
1684,-0.07639306458796999,Breakspear,842
1685,0.2520609811563308,Brainsmash,842
1686,0.19039037597528752,Breakspear,843
1687,-0.08336303883602494,Brainsmash,843
1688,-0.17788850884417062,Breakspear,844
1689,-0.03579589108675689,Brainsmash,844
1690,0.09408147486186764,Breakspear,845
1691,0.038322241639295644,Brainsmash,845
1692,0.09817211868935985,Breakspear,846
1693,0.08256728953843799,Brainsmash,846
1694,-0.1368265088821429,Breakspear,847
1695,0.015178711914181138,Brainsmash,847
1696,0.2208756915354667,Breakspear,848
1697,-0.058723046899277945,Brainsmash,848
1698,-0.01638738402376737,Breakspear,849
1699,-0.0995769793976318,Brainsmash,849
1700,0.08941387616478298,Breakspear,850
1701,-0.06853559413768417,Brainsmash,850
1702,-0.14366277823431528,Breakspear,851
1703,0.0428747154035544,Brainsmash,851
1704,-0.14695154011928568,Breakspear,852
1705,-0.041910833003932245,Brainsmash,852
1706,0.5804752600751636,Breakspear,853
1707,-0.006780600488975442,Brainsmash,853
1708,-0.1034930068913174,Breakspear,854
1709,0.045483933359658904,Brainsmash,854
1710,-0.09126403374241235,Breakspear,855
1711,0.10242072703430088,Brainsmash,855
1712,0.30862635354967577,Breakspear,856
1713,0.1082775677185106,Brainsmash,856
1714,-0.06903534569249639,Breakspear,857
1715,-0.02058316306949144,Brainsmash,857
1716,-0.18879698816400312,Breakspear,858
1717,-0.02207058347240204,Brainsmash,858
1718,0.027348998452030274,Breakspear,859
1719,-0.11757079431090307,Brainsmash,859
1720,-0.044400318126474554,Breakspear,860
1721,-0.061795494209481,Brainsmash,860
1722,-0.07299609675241982,Breakspear,861
1723,0.026358163826400452,Brainsmash,861
1724,0.003328222716654171,Breakspear,862
1725,-0.01617218029359603,Brainsmash,862
1726,0.0762149593466068,Breakspear,863
1727,-0.05456131753086265,Brainsmash,863
1728,0.12570511647344648,Breakspear,864
1729,-0.019988250881980953,Brainsmash,864
1730,-0.1684834129321171,Breakspear,865
1731,0.0794636575103883,Brainsmash,865
1732,0.05224313895313141,Breakspear,866
1733,0.043400810448189116,Brainsmash,866
1734,-0.023412399656962582,Breakspear,867
1735,0.13245162089197396,Brainsmash,867
1736,-0.13339897110457327,Breakspear,868
1737,0.06848693698170487,Brainsmash,868
1738,-0.12521583340050843,Breakspear,869
1739,0.009031194654389486,Brainsmash,869
1740,-0.12934774806665517,Breakspear,870
1741,-0.09426585488791142,Brainsmash,870
1742,0.04395108466486227,Breakspear,871
1743,-0.1144034824121738,Brainsmash,871
1744,0.5299874407275319,Breakspear,872
1745,0.05136558168342194,Brainsmash,872
1746,-0.08040565851858245,Breakspear,873
1747,0.10704367471863262,Brainsmash,873
1748,-0.20384637475419357,Breakspear,874
1749,0.09741407079518619,Brainsmash,874
1750,0.28339240894614454,Breakspear,875
1751,-0.04698494578514589,Brainsmash,875
1752,0.1446954510070456,Breakspear,876
1753,-0.10080997849365163,Brainsmash,876
1754,-0.0603456102108344,Breakspear,877
1755,0.07964705926556793,Brainsmash,877
1756,0.025186854816349385,Breakspear,878
1757,-0.03586759888919816,Brainsmash,878
1758,-0.14171158402585624,Breakspear,879
1759,0.03449713935676575,Brainsmash,879
1760,-0.15274972106188417,Breakspear,880
1761,-0.07260359951484198,Brainsmash,880
1762,-0.09903210518664185,Breakspear,881
1763,0.06112260834269622,Brainsmash,881
1764,0.0280879197847216,Breakspear,882
1765,-0.017107621466627178,Brainsmash,882
1766,-0.207167144063526,Breakspear,883
1767,0.080335848126819,Brainsmash,883
1768,-0.12942159246865384,Breakspear,884
1769,-0.14211207588252991,Brainsmash,884
1770,-0.21163617216554753,Breakspear,885
1771,-0.1044857424774573,Brainsmash,885
1772,-0.04424393646430476,Breakspear,886
1773,-0.03984700943408381,Brainsmash,886
1774,-0.18802595962590463,Breakspear,887
1775,0.01811229301035184,Brainsmash,887
1776,-0.06721471328753671,Breakspear,888
1777,-0.1261479299634777,Brainsmash,888
1778,-0.12115474826273423,Breakspear,889
1779,-0.07273479514390802,Brainsmash,889
1780,0.08244385519120809,Breakspear,890
1781,0.12699821323716584,Brainsmash,890
1782,0.36967332755462773,Breakspear,891
1783,0.07357335479776465,Brainsmash,891
1784,-0.19296926745213924,Breakspear,892
1785,0.05656521205309684,Brainsmash,892
1786,0.02434643927462558,Breakspear,893
1787,0.046068393024127956,Brainsmash,893
1788,-0.12786523416439738,Breakspear,894
1789,0.08976013387933203,Brainsmash,894
1790,-0.22486389672111398,Breakspear,895
1791,-0.06059698405303329,Brainsmash,895
1792,-0.038880247653206614,Breakspear,896
1793,0.007804173003843158,Brainsmash,896
1794,-0.029338788233752338,Breakspear,897
1795,0.055439766729689234,Brainsmash,897
1796,0.4179048061692094,Breakspear,898
1797,-0.0019914529991233994,Brainsmash,898
1798,0.07906273129702877,Breakspear,899
1799,-0.019063231655770077,Brainsmash,899
1800,0.11701970390119773,Breakspear,900
1801,-0.17354263389791597,Brainsmash,900
1802,-0.08329296356317463,Breakspear,901
1803,0.0030039926471574115,Brainsmash,901
1804,-0.17894228194700834,Breakspear,902
1805,0.01537545446275853,Brainsmash,902
1806,-0.00993664731037644,Breakspear,903
1807,-0.049370903389408353,Brainsmash,903
1808,-0.17950597744654495,Breakspear,904
1809,-0.08437856206510895,Brainsmash,904
1810,0.02861714924264,Breakspear,905
1811,-0.0940817332431393,Brainsmash,905
1812,0.6543796032050901,Breakspear,906
1813,-0.03351311988974909,Brainsmash,906
1814,0.3569138309129762,Breakspear,907
1815,-0.1796710326071817,Brainsmash,907
1816,0.05472851351310311,Breakspear,908
1817,0.03257270260772358,Brainsmash,908
1818,0.22984893939804854,Breakspear,909
1819,0.11409015684851469,Brainsmash,909
1820,-0.18838618740548907,Breakspear,910
1821,0.08160784603585643,Brainsmash,910
1822,0.10569793567709851,Breakspear,911
1823,-0.11760157729690066,Brainsmash,911
1824,0.4220733320181309,Breakspear,912
1825,-0.030656879694239882,Brainsmash,912
1826,-0.13636884388063295,Breakspear,913
1827,-0.02039182737555743,Brainsmash,913
1828,-0.028036703417409305,Breakspear,914
1829,-0.0015439416272541365,Brainsmash,914
1830,-0.15786454847749345,Breakspear,915
1831,-0.025884171895756793,Brainsmash,915
1832,-0.12007376150056671,Breakspear,916
1833,-0.09674264805198074,Brainsmash,916
1834,0.21953036395522982,Breakspear,917
1835,0.10136703815680814,Brainsmash,917
1836,-0.029041963722455356,Breakspear,918
1837,0.12659284229680523,Brainsmash,918
1838,-0.04615332530756177,Breakspear,919
1839,0.04557725723221641,Brainsmash,919
1840,0.017113666109931404,Breakspear,920
1841,-0.1544770179476914,Brainsmash,920
1842,-0.11790786718811186,Breakspear,921
1843,-0.15090041551801073,Brainsmash,921
1844,0.08724368050857227,Breakspear,922
1845,-0.13981630670024447,Brainsmash,922
1846,-0.18701667104784783,Breakspear,923
1847,-0.0447130904861934,Brainsmash,923
1848,-0.13601400882078812,Breakspear,924
1849,0.03170988954941446,Brainsmash,924
1850,-0.10859983515040048,Breakspear,925
1851,0.06324466989458911,Brainsmash,925
1852,-0.1900786580036476,Breakspear,926
1853,0.06672491390374154,Brainsmash,926
1854,-0.10485824076378625,Breakspear,927
1855,0.05773561399644765,Brainsmash,927
1856,-0.14621729095773037,Breakspear,928
1857,-0.011618615800243537,Brainsmash,928
1858,-0.13864450323384356,Breakspear,929
1859,-0.043816469418307455,Brainsmash,929
1860,-0.1665444626582079,Breakspear,930
1861,0.016267196120778735,Brainsmash,930
1862,-0.07989525363511617,Breakspear,931
1863,-0.034905129624790025,Brainsmash,931
1864,-0.08861354527717114,Breakspear,932
1865,-0.07106762914522921,Brainsmash,932
1866,-0.03903112025972612,Breakspear,933
1867,0.025209170230652108,Brainsmash,933
1868,-0.12963140869475476,Breakspear,934
1869,0.019624465810994755,Brainsmash,934
1870,0.2894110589771648,Breakspear,935
1871,-0.057256254876518795,Brainsmash,935
1872,0.10275647285179491,Breakspear,936
1873,-0.12167444555866093,Brainsmash,936
1874,-0.150138650593858,Breakspear,937
1875,0.018312073953555795,Brainsmash,937
1876,0.04050443426803058,Breakspear,938
1877,0.08604948140799885,Brainsmash,938
1878,-0.11073615935490569,Breakspear,939
1879,-0.04151162851498096,Brainsmash,939
1880,0.04145445896496988,Breakspear,940
1881,0.09562525251572948,Brainsmash,940
1882,-0.17336554995126333,Breakspear,941
1883,0.021270117174777423,Brainsmash,941
1884,-0.13980367037840233,Breakspear,942
1885,-0.02311051410279896,Brainsmash,942
1886,-0.07845621603670874,Breakspear,943
1887,-0.02316889684337775,Brainsmash,943
1888,-0.04378818413408038,Breakspear,944
1889,0.02997552510847926,Brainsmash,944
1890,0.1403466202892558,Breakspear,945
1891,0.10548368077057269,Brainsmash,945
1892,-0.2047031344956871,Breakspear,946
1893,-0.028445410291705796,Brainsmash,946
1894,0.23294098201028723,Breakspear,947
1895,0.06984966701606908,Brainsmash,947
1896,0.16885058939762515,Breakspear,948
1897,0.021849869382395158,Brainsmash,948
1898,-0.04686611327101413,Breakspear,949
1899,0.09678810440344378,Brainsmash,949
1900,-0.19745795691031146,Breakspear,950
1901,-0.11701278036782732,Brainsmash,950
1902,-0.14526714444449976,Breakspear,951
1903,-0.14353840562062017,Brainsmash,951
1904,0.24118517623061342,Breakspear,952
1905,-0.08114974942899195,Brainsmash,952
1906,-0.0720471453032221,Breakspear,953
1907,0.022596747839181554,Brainsmash,953
1908,-0.12148803363231367,Breakspear,954
1909,-0.015214820227976447,Brainsmash,954
1910,0.03717560491600874,Breakspear,955
1911,0.039375911709691694,Brainsmash,955
1912,0.2002281056247195,Breakspear,956
1913,0.035407956982457994,Brainsmash,956
1914,-0.17820623988296125,Breakspear,957
1915,0.11145386738586341,Brainsmash,957
1916,-0.03636844454520049,Breakspear,958
1917,0.06545416804480379,Brainsmash,958
1918,-0.10892374454840276,Breakspear,959
1919,0.08098646364091963,Brainsmash,959
1920,-0.1922061811488598,Breakspear,960
1921,0.07748082281752056,Brainsmash,960
1922,-0.1284454937021096,Breakspear,961
1923,-0.002508590883838876,Brainsmash,961
1924,0.044757228512804365,Breakspear,962
1925,0.10051077822754446,Brainsmash,962
1926,-0.1436026357239373,Breakspear,963
1927,-0.0765243638542077,Brainsmash,963
1928,-0.14182264583064724,Breakspear,964
1929,0.011307900222757562,Brainsmash,964
1930,-0.08606966575149119,Breakspear,965
1931,0.1906014298531284,Brainsmash,965
1932,0.010698431239129043,Breakspear,966
1933,0.04208003139470959,Brainsmash,966
1934,0.06516161898441744,Breakspear,967
1935,-0.021639994921793745,Brainsmash,967
1936,0.03698039242283529,Breakspear,968
1937,-0.0471122394399546,Brainsmash,968
1938,0.004152304324067547,Breakspear,969
1939,-0.04380596074547687,Brainsmash,969
1940,-0.126904221554305,Breakspear,970
1941,0.061268439817075145,Brainsmash,970
1942,-0.1837891545095622,Breakspear,971
1943,0.05457587660097624,Brainsmash,971
1944,0.1199129394717144,Breakspear,972
1945,0.048011547706675685,Brainsmash,972
1946,0.04127529111733499,Breakspear,973
1947,-0.10165470334667634,Brainsmash,973
1948,-0.15097835535128087,Breakspear,974
1949,0.031135530386264328,Brainsmash,974
1950,-0.004941631100739257,Breakspear,975
1951,-0.033150769470357146,Brainsmash,975
1952,0.06941082363979781,Breakspear,976
1953,-0.04114389827541329,Brainsmash,976
1954,0.003298797333863102,Breakspear,977
1955,-0.06329800811871021,Brainsmash,977
1956,-0.10955564558202409,Breakspear,978
1957,-0.015442852637924196,Brainsmash,978
1958,0.22140370959790587,Breakspear,979
1959,-0.015134270322851614,Brainsmash,979
1960,0.02588069534064681,Breakspear,980
1961,0.007149126133234888,Brainsmash,980
1962,-0.19987393285999433,Breakspear,981
1963,-0.054166772033725996,Brainsmash,981
1964,-0.06958547469559129,Breakspear,982
1965,0.009247878528984857,Brainsmash,982
1966,-0.05485624598995879,Breakspear,983
1967,-0.014007268175181102,Brainsmash,983
1968,-0.15820802091227343,Breakspear,984
1969,-0.0114644818771853,Brainsmash,984
1970,0.22550535395798965,Breakspear,985
1971,-0.04194508985184547,Brainsmash,985
1972,-0.040966989606443294,Breakspear,986
1973,-0.06289371849702594,Brainsmash,986
1974,-0.19659458501973193,Breakspear,987
1975,-0.03886007350223159,Brainsmash,987
1976,0.16990149379152375,Breakspear,988
1977,-0.06931398633701061,Brainsmash,988
1978,-0.213868662054366,Breakspear,989
1979,0.0016533579637183567,Brainsmash,989
1980,-0.13496453407012943,Breakspear,990
1981,-0.03291518786717235,Brainsmash,990
1982,-0.06330032587847577,Breakspear,991
1983,0.047138492267032615,Brainsmash,991
1984,-0.11294260590107616,Breakspear,992
1985,0.034833436591057254,Brainsmash,992
1986,-0.14265567466392998,Breakspear,993
1987,-0.049482789889633165,Brainsmash,993
1988,0.0893545503170554,Breakspear,994
1989,-0.06648401973576872,Brainsmash,994
1990,-0.10332617856631317,Breakspear,995
1991,0.08912498377262298,Brainsmash,995
1992,-0.1155406773102312,Breakspear,996
1993,0.1652440047171252,Brainsmash,996
1994,0.2693975885726164,Breakspear,997
1995,-0.038913862513280245,Brainsmash,997
1996,-0.11425802501353059,Breakspear,998
1997,0.05732361018642309,Brainsmash,998
1998,-0.17329421778976337,Breakspear,999
1999,0.10030749417136454,Brainsmash,999
