,Dissatisfaction,Cognition,Emotion
mode1,0.155095232,0.032313343,0.045793623
mode2,1.962505074,6.25473473,1.449761681
mode3,1.059603956,0.114812609,0.828209636
mode4,0.60372193,2.766734821,1.15646205
mode5,2.469846896,5.248902303,1.274019337
mode6,2.726329192,7.70172496,2.008384255
mode7,4.059857812,9.919477923,1.616831422
mode8,2.749499043,5.835929742,1.077286965
mode9,2.404422627,3.75223937,0.514148814
mode10,3.346709273,3.461162576,1.219156236
mode11,1.318307034,3.575086385,0.598306274
mode12,1.100382783,1.534455679,1.023808063
mode13,0.201622904,0.952170841,0.004639784
mode14,1.660444093,1.116978898,0.218542589
mode15,1.106729197,3.115860104,0.389204861
mode16,2.073778807,4.510876182,0.34979979
mode17,1.982022506,2.17528819,0.454494921
mode18,0.009275085,1.602708445,0.350087839
mode19,0.189829891,0.093474875,0.020941719
mode20,1.646237824,1.594430213,0.215502479
mode21,0.309909363,1.983578246,0.481539047
mode22,1.50601657,3.720205123,0.923585569
mode23,1.126443102,1.316431013,0.54318402
mode24,1.974535397,3.066321132,1.484840683
mode25,2.254568709,0.873820515,0.954162933
mode26,0.587932514,1.315088973,0.13855966
mode27,0.084358445,1.565915139,0.790304701
mode28,0.713309282,1.937040057,0.570806172
mode29,0.189953242,1.47787358,0.197775693
mode30,0.225637717,0.64894535,0.019630895
mode31,1.784180563,1.323894061,1.503293167
mode32,2.829243067,3.054446493,0.98239913
mode33,0.822695711,0.710373351,0.15769588
mode34,0.987952156,0.116847991,0.389104876
mode35,0.905766337,0.853196119,0.07249817
mode36,0.872593461,0.142930871,0.076617138
mode37,0.427147219,0.465408984,0.091238749
mode38,0.337701444,1.785057132,0.299596244
mode39,0.720122202,1.999440876,1.463028515
mode40,0.44193548,0.93239297,0.742711515
mode41,1.723502722,3.802932722,0.406990712
mode42,1.221975201,1.14778454,0.502522599
mode43,1.553369571,2.067238666,0.58892933
mode44,0.148842772,0.149769935,0.251134477
mode45,1.068013098,0.399691258,0.433245253
mode46,0.941018958,0.375479328,0.11038872
mode47,1.849507442,1.592422396,1.159770157
mode48,0.356647162,0.371958458,0.44621128
mode49,2.445804168,1.991618231,0.377818366
mode50,0.457969642,1.771578135,0.826713957
mode51,0.054782185,0.040983545,0.386484158
mode52,0.400924316,0.274488338,0.403246589
mode53,0.386089943,1.358141245,0.930791198
mode54,0.384944199,1.958426898,0.52653741
mode55,1.582345714,1.390018536,0.420204023
mode56,1.177964548,2.150928582,0.312724891
mode57,1.91237427,1.186378794,0.24324956
mode58,0.127735732,0.888236877,0.550633686
mode59,1.25084282,1.390194489,0.254709809
mode60,1.037259255,0.390916581,0.158765593
mode61,1.363227741,2.935607756,0.714766668
mode62,0.4604271,2.615510505,1.34045845
mode63,0.853238941,2.001909384,0.752744734
mode64,0.635827712,0.865645229,0.528347817
mode65,0.336421376,0.021834639,0.417963533
mode66,0.614094949,2.216254555,0.085500571
mode67,0.156161204,0.085597241,0.178376234
mode68,0.500342197,1.763244115,0.801565219
mode69,1.174850372,1.274704142,0.261410017
mode70,0.626263987,0.014376199,0.183970049
mode71,0.638902627,0.207036277,0.551485641
mode72,0.123596844,0.09802857,0.033918085
mode73,0.208682751,0.894239557,0.323388591
mode74,0.551040987,0.577172662,0.086797399
mode75,1.070899352,1.181999514,0.850166746
mode76,0.083663348,0.100164942,0.085423639
mode77,0.098514748,0.707745467,0.351194845
mode78,0.700127082,0.69754696,0.29156303
mode79,0.780980917,0.453136793,0.66253818
mode80,0.49089993,1.327992606,0.128959002
mode81,0.142546152,0.531487469,0.144350954
mode82,1.369293717,0.115759915,0.072038866
mode83,0.995874355,1.32156824,0.58079072
mode84,0.635760198,1.628061807,0.173865045
mode85,0.109242906,0.306061071,0.269285673
mode86,1.108057725,0.214284548,0.014579776
mode87,0.401960743,0.212800267,0.340141749
mode88,1.120947071,0.388004643,0.033302733
mode89,0.565496727,0.778650787,0.085825938
mode90,0.642432695,0.148080493,0.07420852
mode91,0.281195921,1.278473826,0.658812804
mode92,0.139759098,0.037192487,0.005895824
mode93,0.10489307,0.258746591,0.007573439
mode94,0.201809515,0.579225335,0.116338591
mode95,1.467864236,1.645639004,0.514054909
mode96,0.055370036,0.742400969,0.06823491
mode97,0.158709948,0.597285022,0.130453497
mode98,0.620446401,0.170772212,0.232051947
mode99,0.054984394,0.856820203,0.014025175
mode100,0.034973276,1.297443894,0.563592883
mode101,0.337336233,1.294553175,0.609073411
mode102,1.14418695,0.388700876,0.097766371
mode103,0.266204045,0.514743921,0.144483385
mode104,0.785556756,0.335150378,0.117418655
mode105,1.322851965,0.811356341,0.252172054
mode106,0.063846714,0.191181989,0.101522351
mode107,0.346332289,0.060836434,0.158168632
mode108,1.069192418,0.357459604,0.664516299
mode109,0.193486091,1.612833424,0.679748983
mode110,0.13280566,0.595528018,0.239271589
mode111,0.338227566,0.381434493,0.420775125
mode112,0.525610858,0.019513378,0.088775614
mode113,0.073403683,0.530340666,0.135514296
mode114,0.194763466,0.066264022,0.199738576
mode115,0.419118246,0.210017385,0.146158295
mode116,0.135941314,0.288565247,0.082747788
mode117,0.970555912,1.13297738,0.482611962
mode118,1.084524888,0.179143587,0.637208001
mode119,0.436282353,0.216126588,0.329788103
mode120,0.42777523,0.014355424,0.213016293
mode121,0.980993156,1.081610719,0.248295559
mode122,0.548283554,0.071649793,0.120117808
mode123,0.507377571,0.141921161,0.127057712
mode124,0.800200894,0.688934712,0.089693592
mode125,0.681145128,0.241135699,0.010824721
mode126,0.410648523,1.02958282,0.158164918
mode127,0.026494979,0.460659994,0.167333807
mode128,0.234545618,0.275861373,0.039328384
mode129,0.770028805,0.721251749,0.02265465
mode130,0.162352352,0.144172604,0.03366252
mode131,0.547985841,1.108612815,0.783796156
mode132,0.353226836,0.18899349,0.312011994
mode133,0.85440414,0.866531749,0.541380006
mode134,0.478947464,0.286983612,0.23306215
mode135,0.038812031,0.753230147,0.133681688
mode136,0.442632202,0.009938663,0.146072485
mode137,0.651481772,0.01672944,0.42783866
mode138,0.617362151,0.474508516,0.011730091
mode139,0.271861534,0.672924089,0.065804434
mode140,0.665092387,0.035555699,0.456147971
mode141,0.673396858,0.401204164,0.386743421
mode142,0.225267775,0.333235824,0.033833394
mode143,0.184663363,0.137747542,0.213253727
mode144,1.213886009,0.309169503,0.059485317
mode145,0.706489062,0.314342721,0.081054645
mode146,0.095737781,0.221848013,0.141165387
mode147,0.416195125,0.119899974,0.608881862
mode148,0.798444262,0.434323068,0.335203613
mode149,0.723293865,1.121804988,0.173910071
mode150,0.087397467,0.123070305,0.580105774
mode151,0.048606267,1.264177204,0.319041598
mode152,0.492268447,0.69812584,0.191848581
mode153,0.174525152,0.616421209,0.156346984
mode154,1.348757266,1.380052851,0.12463016
mode155,0.266660891,0.543238042,0.123387578
mode156,0.934564591,0.283327304,0.604556978
mode157,0.76406899,0.632340354,0.183880352
mode158,1.106716471,0.222516409,0.321973268
mode159,0.027063822,0.875848142,0.109486774
mode160,0.596831659,0.259735575,0.270317478
mode161,0.60510328,0.261767885,0.208833079
mode162,0.583918583,0.298402252,0.045873285
mode163,0.053545629,0.052797298,0.34552902
mode164,0.274156733,0.121682596,0.202343281
mode165,0.681819572,0.026896887,0.259660315
mode166,0.404539656,0.531608515,0.369394124
mode167,0.565088092,0.083585907,0.047103196
mode168,1.054630723,0.481886818,0.194382181
mode169,0.584251719,0.564216109,0.196479456
mode170,0.646647553,0.433353177,0.243947704
mode171,0.181207645,0.075714788,0.503452941
mode172,0.809187561,0.121366973,0.101729209
mode173,0.094510038,0.142775841,0.037468749
mode174,0.277037208,0.280804992,0.02700908
mode175,0.246702387,0.990005033,0.476581297
mode176,0.177569725,0.228805093,0.289081507
mode177,0.275771161,0.010840557,0.081287519
mode178,1.123357348,0.457833382,0.625576593
mode179,0.372791322,0.669905989,0.142332659
mode180,0.102130746,0.006855363,0.015305577
mode181,0.494877927,1.391364336,0.305538698
mode182,0.337374577,0.003404496,0.038125382
mode183,0.02434275,0.116104064,0.189598791
mode184,0.941127131,0.430499923,0.048107126
mode185,0.658593641,0.249456209,0.185738536
mode186,0.216244473,0.582851575,0.47702208
mode187,0.669805134,0.330912534,0.035242074
mode188,0.455513607,0.586836854,0.343042244
mode189,0.421615303,0.359494452,0.058538677
mode190,0.516192803,0.247210938,0.62731755
mode191,0.24428459,0.391390609,0.629531655
mode192,0.189358414,0.832201144,0.278862797
mode193,0.244308469,1.1252147,0.156879787
mode194,0.867791889,0.505059368,0.464585983
mode195,0.151154844,0.373804573,0.047646157
mode196,0.526812039,0.115924872,0.434552878
mode197,0.077281844,0.133024422,0.083979206
mode198,0.097928797,0.634554845,0.138291366
mode199,1.036083236,1.295650323,0.287396645
mode200,0.513982953,0.521932783,0.046774027