,varimax_satisf,varimax_cog,varimax_er,CAPE42,SDQ,ESPAD,AUDIT,ocdband,dcgena,depband,eatband,spphband,ptsdband
AF,0.8079756080223636,1.0287822126583128,0.31298490288152403,24.604270939469018,-0.42089291497030706,-12.259253376374204,7.261857609777881,-7.4636843413193725,-8.523815181853637,9.227844862144133,8.17917956981581,2.710094606237608,12.75593249467664
ATR,2.7944485079299994,-2.934329966027624,0.6713087898033989,3.1027934346193073,0.30491712129103876,2.9193542973892757,9.32864579275665,-6.030179859459721,-15.870008160215093,-7.0551112275396815,1.385669752786952,5.134011357738844,-4.732124625698127
CG,1.3953205330947531,0.8208683970385651,0.5741512533640701,-7.820666835024776,-3.148253112882481,-12.543212360686832,-5.158004064743527,-10.775479845420254,7.083364728172631,-11.897918016253554,-3.214020704807205,9.697560673636222,11.22173266558256
CST,0.35068499137458015,-2.724046967355681,-0.050463185680795344,-15.233014359612463,-18.434148234668132,1.5430239202816711,16.098494669552675,-29.18467083647399,2.6775151459788047,-5.05515361902976,5.507959861132835,0.7018191462557308,10.536596020583604
MLF,-0.3724732086784047,1.83969672461878,-0.4580433820413847,13.964026627527678,7.652602508765655,-3.192172194380085,3.0610775527804677,16.200592375893,5.400953140722655,10.775605066364545,1.9828427509251443,19.42938672844456,-23.634820696537737
FPT,-1.8637749681988083,-1.3681455352202199,-0.05520077705747227,-11.731308512682542,-17.853520496340472,9.933125168734527,16.50166594914586,0.785509109791219,12.288691166679337,12.286112040496622,-6.913225476485177,-6.093349739535983,-24.103756488601817
IFO,-1.202770404615225,0.7569980907656579,-0.0156839929736853,-12.169535657336706,7.742692477919917,12.697863032884847,-16.420763752578704,-11.29375190755361,11.806606495091765,-16.079386316713784,-4.003271315673338,-1.4530933736080747,-3.8666683897849294
ILF,0.6591047687629124,-1.1651516492737468,-0.8854090148988474,-17.453920475356448,-4.73363616164941,-0.5179667654646514,10.15486168190159,-0.9190228703657213,1.0720853056143373,4.6028559308550605,-12.454044812977695,7.230918746547979,0.16839679116404968
OR,-0.4834326732754839,1.0256325517277278,0.10390778156235525,9.444436079346245,-8.397529007208036,-6.820279308065202,1.7881519729202178,-12.04614967368776,-6.365655444247459,10.790814315845143,-30.950335578211032,-15.769043557001384,5.041954880057309
POPT,-1.9190520043029653,2.6002778148935675,-0.5861664944446597,-4.7702337182157715,4.698486275695443,-15.06698374566664,8.998357904593053,-27.279900648731395,-26.583456770425,7.414960985906294,17.55270068780117,-3.338403935606808,11.790514030796848
SLF_I,-2.7784650721666053,4.456915645438827,1.2771483156245158,-0.7043887540765716,18.65145185669944,0.9262345280675995,-16.7025106060731,-2.0883577328459055,-1.7676831710254106,4.337248787327519,6.930683371203006,-2.393498259496592,-5.0120513616980205
SLF_II,2.598947889174155,-0.0417214929773198,0.5271930399452381,6.573702160219029,11.620301446453833,17.05169473621105,-21.5157316526432,11.03088292174367,-5.506619483007523,6.560594154033058,8.681667152517068,18.39567826453714,-0.13851465367640253
SLF_III,-0.33376769033178966,2.8956577033344852,0.3881770828036085,-13.388141252475084,-7.39104673384986,-17.47429408287493,-4.8654344948438135,-5.801138385300213,25.897495157441522,-7.097785907204959,29.565079798646575,5.057493915990332,3.1806189265141867
STR,-2.1889881309931227,0.6603654729205465,0.8924395441206318,-3.2613687768936614,-6.929088335970656,4.048237761016395,25.573158132481055,0.2776406363352881,-21.09967227949008,-12.750376021338077,-11.794284428187504,-2.8374335191185915,16.12618360129214
UF,0.004268319257360209,0.14107484755689945,-0.5684413802030844,8.471258367932887,1.5990964953451783,-2.452449489758358,0.16717440955359963,1.9130146794055607,-4.358407581703075,-9.30958142350848,14.845077023840073,-14.287230744924631,15.486182634434243
T_PREF,1.232144549595584,-3.5716615222777754,0.44906185994769404,6.554905488552641,-8.889155624679473,24.03750965825258,10.808650370863537,4.2500952778286125,1.3862034664136798,5.915840066459565,-13.47815358761176,-6.044792894534424,-33.84567980306526
T_PREM,-3.356783296842525,-1.711230613386425,-0.020181680200358813,-14.154286801781113,-0.3583222352373182,-13.222126913503963,-5.391613325832333,12.18244056819017,-3.174317649028955,-6.372730538260381,12.671210908567108,12.876113994309543,-6.3707535161527336
T_PREC,0.9677208821595314,-2.987382081803607,0.06966414750532665,-12.602213576060029,3.358882159793513,-5.3649536799137465,-7.243927494905246,-12.83013952464228,-6.125473468506954,-15.135461664812311,13.059699578652364,12.635263162776708,2.7532329551115744
T_POSTC,1.4655306123101302,0.6867208673952921,-0.16094835319119877,15.412533882937097,10.155504371358766,23.42531816893913,-0.8092211894088946,-10.769424427529906,-15.747144066522207,11.20554178240214,-17.362346524470883,-1.8653779263786814,10.243098256168814
T_PAR,-2.0195048164602367,2.751107469663208,-0.13920007358341224,4.242186489055561,-1.6929068329741337,-4.510733912068192,-4.169078402816986,-4.735335775043277,3.763651564441412,-7.336866554647715,29.631849126661823,17.568597702972784,-17.29416994600269
T_OCC,-0.6652441620785721,1.0752742591345448,0.19295854661562237,0.4601743004172434,-4.27338831574176,-2.221975326449311,2.2614522901202667,-17.06619343680944,-9.761021544255378,5.699485981799875,-29.664250180535586,-18.656211326441223,-3.048226469733203
ST_FO,0.5472966947857968,0.4881401790008096,0.07693434080131209,2.7689749752106816,8.352532256808246,7.832492834182949,12.98211802120243,31.01402994227698,-9.781514340585804,12.619387402899543,-17.56761877907612,-0.4586645119826015,-14.536131678023798
ST_PREF,0.053139330870117546,-3.3065305149522506,0.3941509127635604,2.7572665598322654,-9.972146729082672,22.511253036230006,10.930224214604161,3.0696072943663433,-4.93485847063187,6.401236558124564,-19.525473671872053,-21.469647218458274,-31.269136569249987
ST_PREM,-2.1603686750641655,-0.23590638210311218,0.4862946676298523,-11.453701366723957,0.9938632849873752,-5.321578212571346,-6.605334429785345,19.78126582353108,-4.774091998879972,-0.20519518655842228,5.620074929900499,-6.601820267741568,-5.936954553285599
ST_PREC,1.1011759911366268,-3.9527589517129242,-0.8524744350043457,-12.394711309380991,-3.1591542913748496,-2.5998230494712464,-5.221695643965984,-8.102660976313707,-4.8373939535588555,-8.610128722720184,-3.7323476445727515,4.202474616979651,2.8006518118980948
ST_POSTC,2.4877423182225837,-2.388445158738034,-0.9109930922330662,20.753770135093855,-5.125992935312186,16.786677484645462,5.733428102430153,-8.49594039877858,-16.220545840060584,15.483155297838216,-28.187801755015126,-3.2628491073477313,21.836824938680117
ST_PAR,0.5685392769757679,0.8619377816234958,-0.6326140226262082,8.892801785052079,0.1269749522281749,7.165105024336439,0.3407756632853566,3.9403728247766416,-1.4929826373332342,-3.893570621764778,24.357490434193252,3.623666460940125,-15.684743468851927
ST_OCC,-0.4246237507617921,1.5419566642633262,0.10834474873154615,-0.8365448153624251,3.924115270175452,26.835530207180245,-6.226057515310053,-32.69177267245976,-18.19057420593111,-12.767055153965535,-15.353821591278034,-8.474818542818795,5.127946412999215
CA,-3.375405413186147,-0.520349432572318,-1.0956107784257314,18.78235037925227,4.4090551295378715,31.350263665283762,-10.669789742135654,3.0830867378050044,0.23659860787515527,8.945459714478517,-19.148740095306092,-23.91888543301561,9.22587254121296
CC_1,0.21241823073900068,0.01396641503701903,-0.025970904381639605,-6.523088577690251,-11.689216554789764,-4.890144986682694,1.813259734686095,-2.5880980411648355,-0.2550199799309356,6.1588067490676615,-0.5303399617251415,13.249693409761758,3.443768395032844
CC_2,2.5449209389964795,-1.797841386871336,1.7019902012855896,13.933745970292925,-3.6697150718722886,9.295786375135073,8.912345097660925,-8.729110227259326,-13.001886824299788,25.194543686133937,-19.805544360881658,-20.39910453795102,-7.790241388358164
CC_3,-5.075535985072924,5.870016054546717,0.6621622299522558,-17.455376579023067,-0.11425256456325639,-21.161769510303984,-15.72626672082247,2.570392294750472,-5.951507700082425,-5.819282972794516,15.526766408567806,-1.0666208015302332,13.093801196253652
CC_4,1.8046007679297138,-4.431482948483419,-0.8853275887681401,-7.440923357246114,-0.31774352958423047,-1.614318735889648,8.10869991726185,-5.9252484089557065,-5.0322365084015095,-7.893939729056672,-2.143899543489907,-15.921535566687426,2.0896250862982995
CC_5,2.168948941744614,-2.092266992387193,-0.6981156185814416,8.73537195243758,-1.4909553311752224,0.2526872881520461,6.735474747186466,-0.0018394612204066796,-14.248545257067546,3.031857509097013,-15.768161274594046,-17.680582808331316,17.48761618807994
CC_6,2.1865769905224566,4.05663052141362,0.15963328715388808,-9.719814924492386,-0.6950946588840327,0.9928084851531893,-4.431920414713267,22.529357292863338,12.748444006597673,-3.4923372588454216,16.53567909416914,11.724870033896105,-19.21122165238329
CC_7,3.1681710231016322,1.005053928796488,0.3839231110058539,8.549092661087938,27.834308536763135,1.8535668515497024,32.28777953913893,23.019960614773,-3.025542829314047,12.560544422294226,-12.032202690074744,-8.283526648342052,-13.097024834643772
